set search_path to website;

COPY users (id, first_name, last_name, display_name, email, "password", is_admin, is_authorized) FROM stdin;
3	Stuart	Glenn	Surly Stuka	random@theonline.org	878c34a6cb8c4fe9530a7f31e611f9ca37cf4591	0	1
4	Felice	Szeto-Wong	Felice	felicenavidad812@gmail.com	0fcbd924a21e57d1292a4192a98678b8aee19f21	0	1
6	Jonathan	Baker	jonnybosu	jon.c.baker@gmail.com	6dfd0e118c52a2fdf6f4bf99413f35e9f43b1869	0	1
5	John	Meyer	JoJoMe	john-meyer@ouhsc.edu	0e7b9015d54a6e94d52274b5d13da09996066e13	0	1
2	jared	ning	ten cent	theoz@ordinaryzelig.org	001bd03935b1a49791f283339e8e8909de90b99d	0	1
7	allaire	speers	allaire	agspeers@gmail.com	7640efe93a89e0135248409a80bfe69cc633ed19	0	1
1	master	bracket	master bracket	master@ordinaryzelig.org	001bd03935b1a49791f283339e8e8909de90b99d	0	1
15	gail	bruner	gail	gail_bruner@ordinaryzelig.org	ffba52c7b5167769703e5e7dd2cc71df7feae1fb	0	0
11	daniel	williams	daniel	daniel_williams@ordinaryzelig.org	ffba52c7b5167769703e5e7dd2cc71df7feae1fb	0	0
13	diana	szeto	diana	diana_szeto@ordinaryzelig.org	ffba52c7b5167769703e5e7dd2cc71df7feae1fb	0	0
26	tan	pham	tan	tan_pham@ordinaryzelig.org	ffba52c7b5167769703e5e7dd2cc71df7feae1fb	0	0
22	melissa	pearce	melissa	melissa_pearce@ordinaryzelig.org	ffba52c7b5167769703e5e7dd2cc71df7feae1fb	0	0
16	jean	morrisey	jean	jean_morrisey@ordinaryzelig.org	ffba52c7b5167769703e5e7dd2cc71df7feae1fb	0	0
21	matt	m	matt	matt_m@ordinaryzelig.org	ffba52c7b5167769703e5e7dd2cc71df7feae1fb	0	0
24	sharon	johnson	sharon	sharon_johnson@ordinaryzelig.org	ffba52c7b5167769703e5e7dd2cc71df7feae1fb	0	0
27	trevor	hoppers	trevor	trevor_hoppers@ordinaryzelig.org	ffba52c7b5167769703e5e7dd2cc71df7feae1fb	0	0
9	brandon	geister	brandon	brandon_geister@ordinaryzelig.org	ffba52c7b5167769703e5e7dd2cc71df7feae1fb	0	0
20	lina	ea	lina	lina_ea@ordinaryzelig.org	ffba52c7b5167769703e5e7dd2cc71df7feae1fb	0	0
30	adam	adler	adam	adam_adler@ordinaryzelig.org	ffba52c7b5167769703e5e7dd2cc71df7feae1fb	0	0
36	allison	eldridge	allison	allisonmeldridge@hotmail.com	cbed445f2ee4fb58e6a4fac129bd35a69e1d2b47	0	1
8	arlena	hamby	arlena	arlenahamby@jmaenergy.com	c1ff1deaa8a45ac831f4d7f828f2613b4b08de2a	0	1
34	Nguyen	Pham	B_Pham	nguyen.p.pham@gmail.com	aaf4c61ddcc5e8a2dabede0f3b482cd9aea9434d	0	1
10	caroline	cox	caroline	caroline.cox@gmail.com	d3d4ed515da51b61cd992bf1122fb91a1fad97bf	0	1
33	Charlie	Charlesworth	cw	cjcharlesworth@gmail.com	ca2487c451822ad6a667cf8bcfcd01f2df8e3f54	0	1
25	stephanie	adler	Stephanie	sadler23@gmail.com	c8f843409a26bea7ff2aacc40261cf9f3b54575c	0	1
32	mike	minster	mike	mminster@hotmail.com	117227ed357cd30b75ec70a504d357dd7f8bf37f	0	1
35	Kristin	Adkins	Kristin A	kristin.adkins@lmco.com	56c830af09b974ce894b1d268c8d77862eb42ac5	0	1
29	admin	admin	admin	admin@ordinaryzelig.org	001bd03935b1a49791f283339e8e8909de90b99d	1	1
37	Adair	Fincher	lil finch	saturnflair@hotmail.com	c9ca3b7fe7405661894a5bc802f1c282a07b22e0	0	1
19	kyle	adler	kyle	kadler1@ou.edu	dbe2177bfb7ae63f98588c8b51c10e56ef94bf80	0	1
28	vivian	adler	THE MOTHER	oksea@aol.com	b9f9ef9e00c258208ea831c64cc129eda4ac78b4	0	1
17	kendrick	wong	kendrick	kendrick.wong@jackinthebox.com	c94d0493a9044cd31f601fa5ffbbf7fa7f20ecb9	0	1
31	cecelia	wong	the prophet	cecelia_wong@ordinaryzelig.org	2375480d508c9905d91c45b58074de997d9db012	0	0
38	carol	faulk	carol	carolfrdh@msn.com	0c7b1c9702eb921a44eeb1e5e3ff7cd244894b23	0	1
14	donna	white	boo	nonnamw@yahoo.com	75105193bfdd0db68cd7b988dda79744a9baea41	0	1
39	Eric	Chiu	OSUchigga	echiu22@yahoo.com	f65d5a1148dcf8958850557e62509d7c151c0b29	0	1
40	David	Dalton	David	soonerman99@hotmail.com	7a6aef768f0c6fbfacfc9f10dbd1c83b3c0aaa56	0	1
\.

COPY friendships (id, user_id, friend_id, created_at) FROM stdin;
1	2	3	2006-07-07 22:04:57+00
2	3	2	2006-07-07 22:04:57+00
3	3	8	2006-07-07 22:04:57+00
4	25	2	2006-07-07 22:04:57+00
5	2	25	2006-07-07 22:04:57+00
6	2	5	2006-07-07 22:04:57+00
7	2	37	2006-07-07 22:04:57+00
8	25	3	2006-07-07 22:04:57+00
9	3	25	2006-07-07 22:04:57+00
10	25	37	2006-07-07 22:04:57+00
11	25	5	2006-07-07 22:04:57+00
12	2	32	2006-07-07 22:04:57+00
13	25	32	2006-07-07 22:04:57+00
14	2	8	2007-08-19 16:38:01+00
15	8	3	2007-08-22 19:57:49.403326+00
16	8	2	2007-08-22 19:58:41.506235+00
17	2	10	2007-09-02 21:43:29.372058+00
\.

COPY user_activities (user_id, last_login_at, previous_login_at) FROM stdin;
32	2007-06-29 04:27:03+00	2007-06-29 04:26:59+00
8	2007-08-22 19:57:23.853233+00	\N
10	2007-09-02 16:10:22.008744+00	\N
29	2007-09-07 10:57:45.933195+00	2007-09-03 22:10:01.01071+00
25	2007-09-08 13:12:57.186899+00	2007-09-05 19:57:07.620403+00
3	2007-09-08 19:29:23.584024+00	2007-09-08 08:27:16.915728+00
2	2007-09-08 21:59:02.366824+00	2007-09-08 17:49:02.890653+00
\.

COPY seasons (id, tournament_year, tournament_starts_at, is_current, max_num_brackets, buy_in) FROM stdin;
1	2005	2005-03-17 11:00:00+00	\N	1	10
2	2006	2006-03-11 11:00:00+00	\N	2	10
3	2007	2007-03-15 11:20:00+00	1	1	10
\.

COPY regions (id, name, season_id, order_num) FROM stdin;
1	final four	1	1
2	chicago	1	2
3	albuquerque	1	3
4	syracuse	1	4
5	austin	1	5
6	final four	2	1
7	atlanta	2	2
8	oakland	2	3
9	washington, d.c.	2	4
10	minneapolis	2	5
11	final four (atlanta)	3	1
12	midwest (new jersey)	3	2
13	east (san antonio)	3	4
14	south (san jose)	3	5
15	west (st. louis)	3	3
\.

COPY rounds (id, name, number) FROM stdin;
1	championship	6
2	final 4	5
3	elite 8	4
4	sweet 16	3
5	field of 32	2
6	field of 64	1
7	play-in	0
\.

COPY teams (id, name) FROM stdin;
308	boston college
309	clemson
310	duke
311	florida state
312	georgia tech
313	maryland
314	miami
315	north carolina
316	virginia
317	virginia tech
318	wake forest
319	cincinnati
320	connecticut
321	depaul
322	georgetown
323	louisville
324	marquette
325	notre dame
326	pittsburgh
327	providence
328	rutgers
329	st johns
330	seton hall
331	south florida
332	syracuse
333	villanova
334	west virginia
335	illinois
336	indiana
337	iowa
338	michigan
339	michigan state
340	minnesota
341	northwestern
342	ohio state
343	pennsylvania state
344	purdue
346	baylor
347	colorado
348	iowa state
349	kansas
350	kansas state
351	missouri
352	nebraska
353	oklahoma
354	oklahoma state
355	texas
356	texas a&m
357	texas tech
358	arizona
359	arizona state
360	california
361	oregon
362	oregon state
363	stanford
364	ucla
365	southern california
366	washington
367	washington state
368	florida
369	georgia
370	kentucky
371	south carolina
372	tennessee
373	vanderbilt
374	alabama
375	arkansas
376	auburn
378	ole miss
379	mississippi state
381	central florida
382	east carolina
383	houston
384	memphis
385	rice
386	southern methodist
387	southern mississippi
389	tulane
390	tulsa
391	akron
392	ball state
393	bowling green
394	buffalo
395	central michigan
396	eastern michigan
397	kent state
398	miami ohio
399	northern illinois
400	ohio
401	toledo
402	western michigan
403	air force
404	brigham young
405	colorado state
406	new mexico
407	san diego state
408	texas christian
409	unlv
410	utah
411	wyoming
412	arkansas little rock
413	arkansas state
414	denver
415	florida atlantic
416	florida intl
417	louisiana lafayette
418	louisiana monroe
419	middle tennessee st
420	new orleans
421	north texas
422	south alabama
423	troy
424	western kentucky
425	boise state
426	fresno state
427	hawaii
428	idaho
429	louisiana tech
430	nevada
431	new mexico state
432	san jose state
433	utah state
434	eastern washington
435	idaho state
436	montana
437	montana st bozeman
438	northern arizona
439	northern colorado
440	portland state
441	cal st sacramento
442	weber state
443	charleston southern
444	coastal carolina
445	high point
446	liberty
447	radford
448	unc asheville
449	virginia military
450	winthrop
451	delaware
452	drexel
453	george mason
454	georgia state
455	hofstra
456	james madison
457	northeastern
458	old dominion
459	towson
460	unc wilmington
461	virginia comm
462	william and mary
463	illinois state
464	indiana state
465	missouri state
466	northern iowa
467	southern illinois
468	north dakota state
469	south dakota state
470	davis
471	brown
472	columbia
473	cornell
474	dartmouth
475	harvard
476	princeton
477	pennsylvania
478	yale
479	canisius
480	fairfield
481	iona
482	loyola maryland
483	manhattan
484	marist
485	niagara
486	rider
487	siena
488	saint peters
489	bethune-cookman
490	coppin state
491	delaware state
492	florida a&m
493	hampton
494	howard
495	maryland eastern
496	morgan state
497	norfolk state
498	north carolina a&t
499	south carolina state
500	central connecticut
501	fairleigh dickinson
502	long island-brooklyn
503	monmouth
504	mount st marys
505	quinnipiac
506	robert morris
507	sacred heart
508	st francis college
509	st francis univ
510	wagner
511	austin peay state
512	eastern illinois
513	eastern kentucky
514	jacksonville state
515	morehead state
516	murray state
517	samford
518	se missouri st
519	tennessee state
520	tennessee tech
521	tennessee at martin
522	american university
523	west point
524	bucknell
525	colgate
526	holy cross
527	lafayette
528	lehigh
529	navy
530	appalachian state
531	chattanooga
532	citadel
533	charleston
534	davidson
535	elon
536	furman
537	georgia southern
538	unc greensboro
539	western carolina
540	wofford
541	central arkansas
542	lamar
543	mcneese state
544	nicholls state
545	northwestern state
546	sam houston state
547	se louisiana
548	stephen f austin
549	texas arlington
550	texas san antonio
551	texas corpus christi
552	texas st san marcos
553	alabama a&m
554	alabama state
555	alcorn state
556	arkansas pine bluff
557	grambling state
558	jackson state
559	mississippi valley
560	prairie view a&m
561	southern
562	texas southern
563	university at albany
564	binghamton
565	boston
566	hartford
567	maine
568	maryland baltimore
569	new hampshire
570	stony brook
571	vermont
572	belmont
573	campbell
574	east tennessee state
575	gardner-webb
576	jacksonville
577	kennesaw state
578	lipscomb
579	mercer
580	north florida
581	stetson
582	unc charlotte
583	dayton
584	duquesne
585	fordham
586	george washington
587	la salle
588	massachusetts
589	rhode island
590	richmond
591	st bonaventure
592	saint josephs
593	saint louis
594	temple
595	xavier
596	polytech
597	fullerton
598	northridge
599	long beach
600	pacific
601	irvine
602	riverside
603	santa barbara
604	butler
605	cleveland state
606	detroit mercy
607	illinois chicago
608	loyola chicago
609	wisconsin green bay
610	wisconsin milwaukee
611	wright state
612	youngstown state
613	centenary
614	iupui
615	missouri kansas city
616	oakland
617	oral roberts
618	southern utah
619	valparaiso
620	western illinois
621	bradley
622	creighton
623	drake
624	evansville
625	wichita state
626	gonzaga
627	loyola marymount
628	pepperdine
629	portland
630	saint marys
631	san diego
632	san francisco
633	santa clara
345	wisconsin
634	north carolina state
377	lsu
380	uab
388	utep
635	albany
636	play-in-winner
\.

COPY games (id, season_id, parent_id, round_id, region_id) FROM stdin;
1	1	\N	1	1
2	1	1	2	1
3	1	2	3	2
4	1	3	4	2
5	1	4	5	2
6	1	5	6	2
7	1	5	6	2
8	1	4	5	2
9	1	8	6	2
10	1	8	6	2
11	1	3	4	2
12	1	11	5	2
13	1	12	6	2
14	1	12	6	2
15	1	11	5	2
16	1	15	6	2
17	1	15	6	2
18	1	2	3	3
19	1	18	4	3
20	1	19	5	3
21	1	20	6	3
22	1	20	6	3
23	1	19	5	3
24	1	23	6	3
25	1	23	6	3
26	1	18	4	3
27	1	26	5	3
28	1	27	6	3
29	1	27	6	3
30	1	26	5	3
31	1	30	6	3
32	1	30	6	3
33	1	1	2	1
34	1	33	3	4
35	1	34	4	4
36	1	35	5	4
37	1	36	6	4
38	1	36	6	4
39	1	35	5	4
40	1	39	6	4
41	1	39	6	4
42	1	34	4	4
43	1	42	5	4
44	1	43	6	4
45	1	43	6	4
46	1	42	5	4
47	1	46	6	4
48	1	46	6	4
49	1	33	3	5
50	1	49	4	5
51	1	50	5	5
52	1	51	6	5
53	1	51	6	5
54	1	50	5	5
55	1	54	6	5
56	1	54	6	5
57	1	49	4	5
58	1	57	5	5
59	1	58	6	5
60	1	58	6	5
61	1	57	5	5
62	1	61	6	5
63	1	61	6	5
64	2	\N	1	6
65	2	64	2	6
66	2	65	3	7
67	2	66	4	7
68	2	67	5	7
69	2	68	6	7
70	2	68	6	7
71	2	67	5	7
72	2	71	6	7
73	2	71	6	7
74	2	66	4	7
75	2	74	5	7
76	2	75	6	7
77	2	75	6	7
78	2	74	5	7
79	2	78	6	7
80	2	78	6	7
81	2	65	3	8
82	2	81	4	8
83	2	82	5	8
84	2	83	6	8
85	2	83	6	8
86	2	82	5	8
87	2	86	6	8
88	2	86	6	8
89	2	81	4	8
90	2	89	5	8
91	2	90	6	8
92	2	90	6	8
93	2	89	5	8
94	2	93	6	8
95	2	93	6	8
96	2	64	2	6
97	2	96	3	9
98	2	97	4	9
99	2	98	5	9
100	2	99	6	9
101	2	99	6	9
102	2	98	5	9
103	2	102	6	9
104	2	102	6	9
105	2	97	4	9
106	2	105	5	9
107	2	106	6	9
108	2	106	6	9
109	2	105	5	9
110	2	109	6	9
111	2	109	6	9
112	2	96	3	10
113	2	112	4	10
114	2	113	5	10
115	2	114	6	10
116	2	114	6	10
117	2	113	5	10
118	2	117	6	10
119	2	117	6	10
120	2	112	4	10
121	2	120	5	10
122	2	121	6	10
123	2	121	6	10
124	2	120	5	10
125	2	124	6	10
126	2	124	6	10
127	3	\N	1	11
128	3	127	2	11
129	3	128	3	12
130	3	129	4	12
131	3	130	5	12
132	3	131	6	12
133	3	131	6	12
134	3	130	5	12
135	3	134	6	12
136	3	134	6	12
137	3	129	4	12
138	3	137	5	12
139	3	138	6	12
140	3	138	6	12
141	3	137	5	12
142	3	141	6	12
143	3	141	6	12
145	3	144	4	13
146	3	145	5	13
147	3	146	6	13
148	3	146	6	13
149	3	145	5	13
150	3	149	6	13
151	3	149	6	13
152	3	144	4	13
153	3	152	5	13
154	3	153	6	13
155	3	153	6	13
156	3	152	5	13
157	3	156	6	13
158	3	156	6	13
159	3	127	2	11
160	3	159	3	14
161	3	160	4	14
162	3	161	5	14
163	3	162	6	14
164	3	162	6	14
165	3	161	5	14
166	3	165	6	14
167	3	165	6	14
168	3	160	4	14
169	3	168	5	14
170	3	169	6	14
171	3	169	6	14
172	3	168	5	14
173	3	172	6	14
174	3	172	6	14
176	3	175	4	15
177	3	176	5	15
178	3	177	6	15
179	3	177	6	15
180	3	176	5	15
181	3	180	6	15
182	3	180	6	15
183	3	175	4	15
184	3	183	5	15
185	3	184	6	15
186	3	184	6	15
187	3	183	5	15
188	3	187	6	15
189	3	187	6	15
175	3	128	3	15
144	3	159	3	13
\.

COPY pool_users (id, season_id, user_id, bracket_num) FROM stdin;
1	1	1	1
2	1	2	1
3	1	7	1
4	1	8	1
6	1	19	1
7	1	28	1
8	1	25	1
9	1	15	1
10	1	10	1
12	1	20	1
13	1	9	1
14	1	27	1
15	1	24	1
16	1	21	1
17	1	16	1
18	1	17	1
19	1	11	1
20	1	14	1
21	1	13	1
23	1	26	1
24	1	22	1
25	2	1	1
26	2	30	1
27	2	7	1
28	2	9	1
29	2	31	1
30	2	13	1
31	2	2	1
32	2	2	2
33	2	17	1
34	2	19	1
35	2	19	2
36	2	22	1
37	2	32	1
39	2	25	1
40	2	25	2
41	2	28	1
42	2	28	2
43	2	9	2
44	2	22	2
45	3	1	1
46	3	32	1
47	3	34	1
49	3	8	1
50	3	5	1
51	3	36	1
52	3	10	1
53	3	25	1
5	1	35	1
48	3	35	1
22	1	34	1
38	2	34	1
54	3	2	1
56	3	19	1
57	3	4	1
58	3	17	1
59	3	31	1
61	3	33	1
62	3	7	1
63	3	6	1
66	3	39	1
11	1	40	1
55	3	38	1
60	3	28	1
\.

COPY bids (id, team_id, seed, first_game_id) FROM stdin;
55	332	4	56
44	524	14	45
33	315	1	37
22	586	12	24
11	358	3	14
6	610	12	9
56	571	13	56
45	582	7	47
34	616	16	37
23	323	4	25
12	433	14	14
7	308	4	10
57	410	6	59
46	634	10	47
35	340	8	38
24	417	13	25
13	467	7	16
8	477	13	10
9	377	6	13
58	388	11	59
47	320	2	48
36	348	9	38
25	357	6	28
14	630	10	16
60	485	14	60
59	353	3	60
48	381	15	48
37	333	5	40
26	364	11	28
15	354	2	17
61	319	7	62
50	491	16	52
49	310	1	52
38	406	12	40
27	626	3	29
16	547	15	17
62	337	10	62
51	363	8	53
40	400	13	41
39	368	4	41
28	450	14	29
17	366	1	21
1	335	1	6
63	370	2	63
52	379	9	53
41	345	6	44
30	622	10	31
29	334	7	31
18	436	16	21
2	501	16	6
64	513	15	63
53	339	5	55
42	466	11	44
31	318	2	32
20	326	9	22
19	600	8	22
3	355	8	7
54	458	12	55
43	349	3	45
32	531	15	32
21	312	5	24
10	380	11	13
4	430	9	7
5	374	5	9
127	342	2	126
116	345	9	116
105	339	6	107
99	370	8	101
88	621	13	88
77	360	7	79
66	561	16	69
128	534	15	126
117	430	5	118
106	453	11	107
90	407	11	91
89	336	6	91
78	634	10	79
67	586	8	70
91	626	3	92
80	477	15	80
79	355	2	80
68	460	9	70
118	436	12	118
107	315	3	108
119	308	4	119
108	516	14	108
92	595	14	92
81	384	1	84
70	356	12	72
69	332	5	72
120	600	13	119
109	625	7	110
93	324	7	94
82	617	16	84
71	377	4	73
121	353	6	122
110	330	10	110
94	374	10	94
83	375	8	85
72	481	13	73
122	610	11	122
111	372	2	111
100	380	9	101
95	364	2	95
84	524	9	85
73	334	6	76
123	368	3	123
112	450	15	111
101	366	5	103
96	572	15	95
85	326	5	87
74	467	11	76
124	422	14	123
113	333	1	115
102	433	12	103
97	320	1	100
86	397	12	87
75	337	3	77
125	322	7	125
114	503	16	115
103	335	4	104
87	349	4	88
76	545	14	77
65	310	1	69
126	466	10	125
115	358	8	116
104	403	13	104
98	635	16	100
182	335	12	181
171	356	3	171
160	572	15	158
149	365	5	150
138	450	11	139
183	467	4	182
172	477	14	171
161	342	1	163
150	375	12	150
139	361	3	140
184	526	13	182
173	430	7	173
162	500	16	163
151	355	4	151
140	314	14	140
129	368	1	132
185	310	6	185
174	622	10	173
163	404	8	164
152	431	13	151
141	409	7	142
130	558	16	132
186	461	11	185
175	384	2	174
164	595	9	164
153	373	6	154
142	312	10	142
131	358	8	133
187	326	3	186
176	421	15	174
165	372	5	166
154	586	11	154
143	345	2	143
132	344	9	133
188	611	14	186
177	349	1	178
166	599	12	166
155	367	3	155
144	551	15	143
133	604	5	135
189	336	7	188
178	485	16	178
167	316	4	167
156	617	14	155
145	315	1	147
134	458	12	135
190	626	10	188
179	370	8	179
168	635	13	167
157	308	7	157
146	513	16	147
135	313	4	136
191	364	2	189
180	333	9	179
169	323	6	170
158	357	10	157
147	324	8	148
136	534	13	136
192	442	15	189
181	317	5	181
170	363	11	170
159	322	2	158
148	339	9	148
137	325	6	139
\.

COPY pics (id, pool_user_id, game_id, bid_id) FROM stdin;
6	1	6	1
7	1	7	4
69	2	6	1
70	2	7	3
72	2	9	5
9	1	9	6
10	1	10	7
13	1	13	10
16	1	16	13
17	1	17	15
5	1	5	1
8	1	8	6
15	1	15	15
14	1	14	11
12	1	12	11
11	1	11	11
4	1	4	1
3	1	3	1
21	1	21	17
22	1	22	19
24	1	24	21
25	1	25	23
28	1	28	25
29	1	29	27
31	1	31	29
32	1	32	31
20	1	20	17
23	1	23	23
30	1	30	29
27	1	27	25
19	1	19	23
26	1	26	29
37	1	37	33
38	1	38	36
41	1	41	39
40	1	40	37
44	1	44	41
45	1	45	44
47	1	47	46
48	1	48	47
36	1	36	33
39	1	39	37
43	1	43	41
46	1	46	46
42	1	42	41
35	1	35	33
52	1	52	49
53	1	53	52
55	1	55	53
56	1	56	56
59	1	59	57
60	1	60	59
62	1	62	61
63	1	63	63
51	1	51	49
54	1	54	53
58	1	58	57
61	1	61	63
50	1	50	53
57	1	57	63
49	1	49	53
34	1	34	33
18	1	18	23
2	1	2	1
33	1	33	33
1	1	1	33
73	2	10	7
76	2	13	9
77	2	14	11
79	2	16	14
80	2	17	15
78	2	15	15
75	2	12	11
71	2	8	5
68	2	5	1
67	2	4	1
74	2	11	11
66	2	3	11
84	2	21	17
85	2	22	20
87	2	24	21
88	2	25	23
91	2	28	25
92	2	29	28
94	2	31	29
95	2	32	31
83	2	20	17
86	2	23	23
90	2	27	28
93	2	30	31
82	2	19	23
89	2	26	31
81	2	18	31
100	2	37	33
101	2	38	36
103	2	40	37
104	2	41	39
107	2	44	41
108	2	45	43
110	2	47	46
111	2	48	47
99	2	36	33
102	2	39	37
106	2	43	43
109	2	46	47
98	2	35	33
105	2	42	43
97	2	34	33
115	2	52	49
116	2	53	52
118	2	55	53
119	2	56	55
122	2	59	57
123	2	60	59
125	2	62	61
126	2	63	63
124	2	61	63
121	2	58	59
117	2	54	55
114	2	51	49
113	2	50	55
120	2	57	59
112	2	49	59
65	2	2	31
96	2	33	59
64	2	1	59
132	3	6	1
133	3	7	3
135	3	9	5
136	3	10	7
139	3	13	10
140	3	14	11
142	3	16	13
143	3	17	15
141	3	15	15
138	3	12	11
134	3	8	5
131	3	5	1
137	3	11	15
130	3	4	1
129	3	3	15
147	3	21	17
148	3	22	20
150	3	24	21
151	3	25	23
154	3	28	25
155	3	29	28
157	3	31	29
158	3	32	31
153	3	27	25
156	3	30	31
149	3	23	23
146	3	20	17
145	3	19	17
152	3	26	31
144	3	18	31
163	3	37	33
164	3	38	36
166	3	40	37
167	3	41	39
170	3	44	41
171	3	45	43
173	3	47	46
174	3	48	47
172	3	46	47
169	3	43	43
165	3	39	37
162	3	36	33
161	3	35	33
168	3	42	43
160	3	34	43
178	3	52	49
179	3	53	51
181	3	55	54
182	3	56	55
185	3	59	57
186	3	60	59
188	3	62	62
189	3	63	63
177	3	51	49
180	3	54	55
184	3	58	59
187	3	61	63
176	3	50	55
183	3	57	63
175	3	49	55
128	3	2	15
159	3	33	55
127	3	1	55
258	5	6	1
259	5	7	4
261	5	9	5
265	5	13	9
262	5	10	8
266	5	14	11
268	5	16	13
269	5	17	15
257	5	5	1
260	5	8	5
264	5	12	9
267	5	15	15
263	5	11	15
256	5	4	1
255	5	3	15
273	5	21	17
274	5	22	20
276	5	24	21
277	5	25	23
280	5	28	25
281	5	29	27
283	5	31	29
284	5	32	31
272	5	20	17
275	5	23	23
279	5	27	27
282	5	30	31
271	5	19	23
278	5	26	31
270	5	18	31
289	5	37	33
290	5	38	36
292	5	40	37
293	5	41	39
296	5	44	41
297	5	45	43
299	5	47	46
300	5	48	47
288	5	36	33
291	5	39	39
295	5	43	41
298	5	46	47
287	5	35	33
294	5	42	47
286	5	34	33
304	5	52	49
305	5	53	51
307	5	55	53
308	5	56	55
311	5	59	57
312	5	60	59
314	5	62	61
315	5	63	63
303	5	51	49
306	5	54	55
310	5	58	59
313	5	61	61
302	5	50	55
309	5	57	59
301	5	49	55
254	5	2	15
285	5	33	55
253	5	1	15
195	4	6	1
196	4	7	3
198	4	9	5
199	4	10	7
202	4	13	9
203	4	14	11
205	4	16	13
206	4	17	15
204	4	15	13
201	4	12	11
197	4	8	5
194	4	5	1
200	4	11	13
193	4	4	1
192	4	3	1
210	4	21	17
211	4	22	19
213	4	24	21
214	4	25	23
217	4	28	26
218	4	29	27
220	4	31	30
221	4	32	31
209	4	20	17
212	4	23	23
216	4	27	27
219	4	30	31
208	4	19	23
215	4	26	31
207	4	18	23
226	4	37	33
227	4	38	35
229	4	40	37
230	4	41	39
233	4	44	41
234	4	45	43
236	4	47	45
237	4	48	47
225	4	36	33
228	4	39	39
232	4	43	43
235	4	46	47
224	4	35	33
231	4	42	43
223	4	34	33
241	4	52	49
242	4	53	51
244	4	55	53
245	4	56	55
248	4	59	57
249	4	60	59
251	4	62	62
252	4	63	63
240	4	51	49
243	4	54	53
247	4	58	59
250	4	61	63
239	4	50	49
246	4	57	63
238	4	49	49
191	4	2	1
222	4	33	49
190	4	1	1
762	13	6	1
763	13	7	4
765	13	9	6
766	13	10	7
769	13	13	9
770	13	14	11
772	13	16	14
773	13	17	15
761	13	5	1
764	13	8	6
768	13	12	9
771	13	15	15
760	13	4	1
767	13	11	15
759	13	3	1
777	13	21	17
778	13	22	20
780	13	24	22
781	13	25	23
784	13	28	25
785	13	29	27
787	13	31	29
788	13	32	31
776	13	20	20
779	13	23	23
783	13	27	25
786	13	30	31
775	13	19	23
782	13	26	31
774	13	18	31
793	13	37	33
794	13	38	36
796	13	40	37
801	13	45	43
797	13	41	39
800	13	44	41
803	13	47	45
804	13	48	47
795	13	39	37
792	13	36	33
799	13	43	43
802	13	46	47
791	13	35	33
798	13	42	43
790	13	34	33
808	13	52	49
809	13	53	51
811	13	55	53
812	13	56	55
815	13	59	57
816	13	60	59
818	13	62	62
819	13	63	63
807	13	51	49
810	13	54	55
814	13	58	59
817	13	61	63
806	13	50	55
813	13	57	59
805	13	49	59
758	13	2	1
789	13	33	33
757	13	1	33
573	10	6	1
574	10	7	3
576	10	9	5
577	10	10	7
580	10	13	10
581	10	14	11
583	10	16	14
584	10	17	15
572	10	5	1
575	10	8	5
579	10	12	11
582	10	15	15
571	10	4	1
578	10	11	15
570	10	3	15
588	10	21	17
589	10	22	20
591	10	24	21
592	10	25	23
595	10	28	25
596	10	29	27
598	10	31	30
599	10	32	31
587	10	20	20
590	10	23	21
594	10	27	25
597	10	30	31
586	10	19	21
593	10	26	31
585	10	18	31
604	10	37	33
605	10	38	36
607	10	40	37
608	10	41	39
611	10	44	42
612	10	45	43
614	10	47	46
615	10	48	47
603	10	36	33
606	10	39	39
610	10	43	43
613	10	46	47
602	10	35	39
609	10	42	43
601	10	34	43
619	10	52	49
620	10	53	52
623	10	56	55
626	10	59	57
627	10	60	59
629	10	62	62
630	10	63	63
622	10	55	53
618	10	51	49
621	10	54	55
625	10	58	59
628	10	61	63
617	10	50	55
624	10	57	63
616	10	49	63
569	10	2	15
600	10	33	43
568	10	1	15
1140	19	6	1
1141	19	7	4
1143	19	9	6
1144	19	10	7
1147	19	13	9
1148	19	14	12
1150	19	16	14
1151	19	17	15
1139	19	5	1
1142	19	8	6
1146	19	12	12
1149	19	15	15
1145	19	11	15
1138	19	4	1
1137	19	3	1
1155	19	21	17
1156	19	22	20
1158	19	24	22
1159	19	25	23
1162	19	28	25
1163	19	29	27
1165	19	31	29
1166	19	32	31
1154	19	20	17
1157	19	23	23
1161	19	27	27
1164	19	30	31
1153	19	19	17
1160	19	26	27
1152	19	18	27
1171	19	37	33
1172	19	38	36
1174	19	40	37
1175	19	41	40
1178	19	44	41
1179	19	45	43
1181	19	47	45
1182	19	48	47
1170	19	36	33
1173	19	39	37
1177	19	43	41
1180	19	46	47
1169	19	35	33
1176	19	42	47
1168	19	34	33
1186	19	52	49
1187	19	53	51
1189	19	55	54
1190	19	56	55
1193	19	59	58
1194	19	60	59
1196	19	62	61
1197	19	63	63
1185	19	51	49
1195	19	61	63
1188	19	54	55
1192	19	58	59
1191	19	57	63
1184	19	50	49
1183	19	49	49
1136	19	2	1
1167	19	33	49
1135	19	1	1
636	11	6	1
637	11	7	4
639	11	9	5
640	11	10	7
643	11	13	10
644	11	14	11
646	11	16	13
647	11	17	15
635	11	5	1
638	11	8	5
642	11	12	11
645	11	15	15
634	11	4	1
641	11	11	15
633	11	3	15
651	11	21	17
652	11	22	19
654	11	24	21
655	11	25	23
658	11	28	25
659	11	29	27
661	11	31	29
662	11	32	31
650	11	20	17
653	11	23	21
657	11	27	27
660	11	30	31
649	11	19	17
656	11	26	31
648	11	18	17
667	11	37	33
668	11	38	36
670	11	40	37
671	11	41	39
674	11	44	42
675	11	45	43
677	11	47	45
678	11	48	47
666	11	36	33
669	11	39	39
673	11	43	43
676	11	46	47
665	11	35	33
672	11	42	47
664	11	34	33
682	11	52	49
683	11	53	51
685	11	55	54
686	11	56	55
689	11	59	57
690	11	60	59
692	11	62	61
693	11	63	63
681	11	51	49
684	11	54	55
688	11	58	59
691	11	61	63
680	11	50	49
687	11	57	59
679	11	49	49
663	11	33	33
632	11	2	15
631	11	1	33
1266	21	6	1
1267	21	7	3
1269	21	9	5
1270	21	10	7
1273	21	13	10
1274	21	14	11
1276	21	16	14
1277	21	17	15
1265	21	5	1
1268	21	8	7
1272	21	12	11
1275	21	15	15
1264	21	4	1
1271	21	11	11
1263	21	3	1
1281	21	21	17
1282	21	22	20
1284	21	24	21
1285	21	25	23
1288	21	28	25
1289	21	29	27
1291	21	31	30
1292	21	32	31
1280	21	20	17
1283	21	23	21
1287	21	27	27
1290	21	30	31
1279	21	19	21
1286	21	26	31
1278	21	18	31
1297	21	37	33
1298	21	38	36
1300	21	40	38
1301	21	41	39
1304	21	44	41
1305	21	45	43
1307	21	47	46
1308	21	48	47
1296	21	36	33
1299	21	39	39
1303	21	43	43
1306	21	46	47
1295	21	35	33
1302	21	42	47
1294	21	34	33
1312	21	52	49
1313	21	53	51
1315	21	55	53
1316	21	56	55
1319	21	59	57
1320	21	60	59
1322	21	62	62
1323	21	63	63
1311	21	51	49
1314	21	54	55
1318	21	58	57
1321	21	61	63
1317	21	57	63
1310	21	50	55
1309	21	49	55
1262	21	2	1
1293	21	33	33
1261	21	1	33
1203	20	6	1
1204	20	7	3
1206	20	9	5
1207	20	10	7
1210	20	13	10
1211	20	14	11
1213	20	16	13
1214	20	17	15
1202	20	5	1
1205	20	8	5
1209	20	12	11
1212	20	15	15
1201	20	4	1
1208	20	11	15
1200	20	3	1
1218	20	21	17
1219	20	22	20
1221	20	24	21
1222	20	25	23
1225	20	28	25
1226	20	29	27
1228	20	31	29
1229	20	32	31
1217	20	20	17
1220	20	23	21
1224	20	27	27
1227	20	30	31
1216	20	19	21
1223	20	26	31
1215	20	18	31
1234	20	37	33
1235	20	38	36
1237	20	40	37
1238	20	41	39
1241	20	44	41
1242	20	45	43
1244	20	47	45
1245	20	48	47
1233	20	36	33
1236	20	39	37
1240	20	43	43
1243	20	46	45
1232	20	35	33
1239	20	42	43
1231	20	34	43
1249	20	52	49
1250	20	53	52
1252	20	55	53
1253	20	56	55
1256	20	59	57
1257	20	60	59
1259	20	62	62
1260	20	63	63
1248	20	51	49
1251	20	54	55
1255	20	58	59
1258	20	61	63
1247	20	50	55
1254	20	57	59
1246	20	49	55
1199	20	2	1
1230	20	33	55
1198	20	1	55
447	8	6	1
448	8	7	4
450	8	9	5
451	8	10	7
454	8	13	10
455	8	14	11
457	8	16	13
458	8	17	15
446	8	5	1
449	8	8	7
453	8	12	11
456	8	15	15
445	8	4	1
452	8	11	11
444	8	3	1
462	8	21	17
463	8	22	20
465	8	24	21
466	8	25	23
469	8	28	25
470	8	29	27
472	8	31	29
473	8	32	31
461	8	20	17
464	8	23	21
468	8	27	27
471	8	30	31
460	8	19	21
467	8	26	31
459	8	18	31
478	8	37	33
479	8	38	35
481	8	40	37
482	8	41	39
485	8	44	41
486	8	45	43
488	8	47	46
489	8	48	47
477	8	36	33
480	8	39	37
484	8	43	43
487	8	46	47
476	8	35	33
483	8	42	47
475	8	34	33
493	8	52	49
494	8	53	52
497	8	56	55
496	8	55	53
500	8	59	57
501	8	60	59
503	8	62	62
504	8	63	63
492	8	51	49
495	8	54	55
499	8	58	59
502	8	61	63
491	8	50	55
498	8	57	59
490	8	49	59
443	8	2	1
474	8	33	33
442	8	1	1
510	9	6	1
511	9	7	3
513	9	9	6
514	9	10	7
517	9	13	9
518	9	14	11
520	9	16	13
521	9	17	15
509	9	5	1
512	9	8	7
516	9	12	9
519	9	15	15
508	9	4	1
515	9	11	15
507	9	3	1
525	9	21	17
526	9	22	20
528	9	24	22
529	9	25	23
532	9	28	25
533	9	29	27
535	9	31	29
536	9	32	31
524	9	20	17
527	9	23	23
531	9	27	27
534	9	30	31
523	9	19	23
530	9	26	31
522	9	18	31
541	9	37	33
542	9	38	35
544	9	40	37
545	9	41	39
548	9	44	41
549	9	45	43
551	9	47	45
552	9	48	47
540	9	36	33
543	9	39	37
547	9	43	43
550	9	46	47
539	9	35	33
546	9	42	43
538	9	34	33
556	9	52	49
557	9	53	52
559	9	55	53
560	9	56	55
563	9	59	57
564	9	60	59
566	9	62	61
567	9	63	63
555	9	51	49
558	9	54	55
562	9	58	59
565	9	61	63
554	9	50	55
561	9	57	63
553	9	49	55
506	9	2	1
537	9	33	55
505	9	1	55
1014	17	6	1
1015	17	7	3
1017	17	9	6
1018	17	10	7
1021	17	13	10
1022	17	14	11
1024	17	16	13
1025	17	17	15
1013	17	5	1
1016	17	8	7
1020	17	12	11
1023	17	15	15
1012	17	4	1
1019	17	11	11
1011	17	3	1
1029	17	21	17
1030	17	22	20
1032	17	24	21
1036	17	28	25
1037	17	29	27
1033	17	25	23
1039	17	31	29
1040	17	32	31
1028	17	20	17
1031	17	23	21
1035	17	27	27
1038	17	30	31
1027	17	19	17
1034	17	26	27
1026	17	18	27
1045	17	37	33
1046	17	38	36
1048	17	40	37
1049	17	41	39
1052	17	44	41
1053	17	45	44
1055	17	47	46
1056	17	48	47
1044	17	36	36
1047	17	39	39
1051	17	43	41
1054	17	46	47
1043	17	35	39
1050	17	42	47
1042	17	34	47
1060	17	52	49
1061	17	53	51
1063	17	55	53
1064	17	56	55
1067	17	59	58
1070	17	62	61
1071	17	63	63
1059	17	51	49
1062	17	54	55
1068	17	60	59
1069	17	61	63
1066	17	58	59
1065	17	57	63
1058	17	50	49
1057	17	49	63
1010	17	2	27
1041	17	33	47
1009	17	1	47
1077	18	6	1
1078	18	7	3
1080	18	9	5
1081	18	10	7
1084	18	13	9
1085	18	14	11
1087	18	16	14
1088	18	17	15
1076	18	5	1
1079	18	8	5
1083	18	12	11
1086	18	15	15
1075	18	4	1
1082	18	11	15
1074	18	3	1
1092	18	21	17
1096	18	25	23
1093	18	22	20
1095	18	24	21
1099	18	28	25
1100	18	29	27
1102	18	31	29
1103	18	32	31
1091	18	20	17
1094	18	23	23
1098	18	27	27
1101	18	30	31
1090	18	19	23
1097	18	26	31
1089	18	18	31
1108	18	37	33
1109	18	38	35
1111	18	40	37
1112	18	41	39
1115	18	44	41
1116	18	45	43
1118	18	47	46
1119	18	48	47
1107	18	36	33
1110	18	39	37
1114	18	43	43
1117	18	46	47
1106	18	35	33
1113	18	42	47
1105	18	34	33
1123	18	52	49
1124	18	53	51
1126	18	55	53
1127	18	56	55
1130	18	59	57
1131	18	60	59
1133	18	62	62
1134	18	63	63
1122	18	51	49
1125	18	54	55
1129	18	58	59
1132	18	61	63
1121	18	50	49
1128	18	57	63
1120	18	49	49
1073	18	2	1
1104	18	33	33
1072	18	1	1
321	6	6	1
322	6	7	3
324	6	9	5
325	6	10	7
328	6	13	9
329	6	14	11
331	6	16	14
332	6	17	15
320	6	5	1
323	6	8	7
327	6	12	11
330	6	15	15
319	6	4	1
326	6	11	15
318	6	3	1
336	6	21	17
337	6	22	20
339	6	24	21
343	6	28	25
347	6	32	31
344	6	29	27
346	6	31	29
340	6	25	23
335	6	20	20
338	6	23	21
342	6	27	25
345	6	30	31
334	6	19	21
341	6	26	31
333	6	18	31
352	6	37	33
353	6	38	36
355	6	40	37
356	6	41	39
359	6	44	41
360	6	45	43
362	6	47	46
363	6	48	47
351	6	36	33
354	6	39	37
358	6	43	43
361	6	46	47
350	6	35	33
357	6	42	43
349	6	34	33
367	6	52	49
368	6	53	52
370	6	55	54
371	6	56	55
374	6	59	57
375	6	60	59
377	6	62	62
378	6	63	63
366	6	51	49
369	6	54	55
373	6	58	59
376	6	61	63
365	6	50	55
372	6	57	59
364	6	49	55
317	6	2	31
348	6	33	33
316	6	1	31
699	12	6	1
700	12	7	3
702	12	9	5
703	12	10	8
706	12	13	9
707	12	14	11
709	12	16	13
710	12	17	15
698	12	5	3
701	12	8	8
705	12	12	9
708	12	15	15
704	12	11	15
697	12	4	8
696	12	3	15
714	12	21	17
715	12	22	20
717	12	24	22
718	12	25	24
721	12	28	26
722	12	29	27
724	12	31	29
725	12	32	32
723	12	30	29
720	12	27	27
716	12	23	22
713	12	20	17
712	12	19	22
719	12	26	27
711	12	18	27
730	12	37	34
731	12	38	35
733	12	40	37
734	12	41	40
737	12	44	42
738	12	45	43
740	12	47	46
741	12	48	48
729	12	36	34
732	12	39	40
736	12	43	43
739	12	46	46
735	12	42	46
728	12	35	34
727	12	34	46
745	12	52	49
746	12	53	51
748	12	55	53
749	12	56	56
752	12	59	58
753	12	60	59
755	12	62	62
756	12	63	63
744	12	51	51
747	12	54	53
751	12	58	59
754	12	61	62
750	12	57	62
743	12	50	51
742	12	49	51
695	12	2	15
726	12	33	46
694	12	1	15
951	16	6	1
952	16	7	3
954	16	9	5
955	16	10	7
958	16	13	10
959	16	14	11
961	16	16	13
962	16	17	15
950	16	5	1
953	16	8	5
957	16	12	11
960	16	15	15
949	16	4	1
956	16	11	15
948	16	3	15
966	16	21	17
967	16	22	20
969	16	24	21
970	16	25	23
973	16	28	25
974	16	29	27
976	16	31	30
977	16	32	31
965	16	20	17
968	16	23	23
972	16	27	27
975	16	30	31
964	16	19	23
971	16	26	31
963	16	18	31
982	16	37	33
983	16	38	36
985	16	40	37
986	16	41	39
989	16	44	41
990	16	45	43
992	16	47	46
993	16	48	47
981	16	36	33
984	16	39	39
988	16	43	43
991	16	46	47
980	16	35	33
987	16	42	47
979	16	34	33
997	16	52	49
998	16	53	52
1000	16	55	53
1001	16	56	55
1004	16	59	58
1005	16	60	59
1007	16	62	62
1008	16	63	63
996	16	51	49
999	16	54	55
1003	16	58	59
1006	16	61	63
995	16	50	55
1002	16	57	63
994	16	49	55
947	16	2	31
978	16	33	33
946	16	1	33
1455	24	6	1
1456	24	7	4
1458	24	9	6
1459	24	10	7
1462	24	13	9
1463	24	14	11
1465	24	16	14
1466	24	17	15
1454	24	5	1
1457	24	8	7
1461	24	12	9
1464	24	15	15
1453	24	4	7
1460	24	11	15
1452	24	3	15
1470	24	21	17
1471	24	22	20
1473	24	24	21
1474	24	25	23
1477	24	28	25
1478	24	29	27
1480	24	31	29
1481	24	32	31
1469	24	20	17
1472	24	23	23
1476	24	27	27
1479	24	30	31
1468	24	19	23
1475	24	26	27
1467	24	18	27
1486	24	37	33
1487	24	38	35
1489	24	40	37
1490	24	41	39
1493	24	44	41
1494	24	45	43
1496	24	47	46
1497	24	48	47
1485	24	36	33
1488	24	39	37
1492	24	43	43
1495	24	46	47
1484	24	35	33
1491	24	42	47
1483	24	34	47
1501	24	52	49
1502	24	53	51
1504	24	55	54
1505	24	56	55
1508	24	59	57
1509	24	60	59
1511	24	62	61
1512	24	63	63
1500	24	51	49
1503	24	54	55
1507	24	58	57
1510	24	61	63
1499	24	50	49
1506	24	57	57
1498	24	49	49
1451	24	2	27
1482	24	33	47
1450	24	1	27
1329	22	6	1
1330	22	7	4
1332	22	9	6
1333	22	10	8
1336	22	13	10
1337	22	14	11
1339	22	16	14
1340	22	17	15
1328	22	5	1
1331	22	8	8
1335	22	12	11
1338	22	15	15
1334	22	11	15
1327	22	4	1
1326	22	3	15
1344	22	21	17
1345	22	22	20
1347	22	24	21
1348	22	25	23
1351	22	28	26
1352	22	29	27
1354	22	31	30
1355	22	32	31
1343	22	20	17
1346	22	23	21
1350	22	27	27
1353	22	30	31
1342	22	19	21
1349	22	26	27
1341	22	18	27
1360	22	37	33
1361	22	38	35
1363	22	40	38
1364	22	41	39
1367	22	44	41
1368	22	45	43
1370	22	47	46
1371	22	48	47
1359	22	36	33
1362	22	39	38
1366	22	43	43
1369	22	46	47
1358	22	35	33
1365	22	42	43
1357	22	34	43
1375	22	52	49
1376	22	53	51
1378	22	55	54
1379	22	56	55
1382	22	59	58
1383	22	60	59
1385	22	62	62
1386	22	63	63
1325	22	2	15
1356	22	33	43
1374	22	51	49
1377	22	54	55
1381	22	58	59
1384	22	61	63
1373	22	50	49
1380	22	57	59
1372	22	49	49
1324	22	1	15
888	15	6	1
889	15	7	3
891	15	9	5
892	15	10	7
895	15	13	9
896	15	14	11
898	15	16	13
899	15	17	15
887	15	5	1
890	15	8	7
894	15	12	11
897	15	15	15
886	15	4	1
893	15	11	15
885	15	3	15
903	15	21	17
904	15	22	20
906	15	24	21
907	15	25	23
910	15	28	25
911	15	29	27
913	15	31	29
914	15	32	31
902	15	20	17
905	15	23	23
909	15	27	27
912	15	30	31
901	15	19	23
908	15	26	31
900	15	18	23
919	15	37	33
920	15	38	36
922	15	40	37
923	15	41	39
926	15	44	41
927	15	45	43
929	15	47	45
930	15	48	47
918	15	36	33
921	15	39	39
925	15	43	43
928	15	46	47
924	15	42	43
917	15	35	33
916	15	34	43
934	15	52	49
935	15	53	52
937	15	55	53
938	15	56	55
941	15	59	57
942	15	60	59
944	15	62	61
945	15	63	63
933	15	51	49
936	15	54	55
940	15	58	59
943	15	61	63
932	15	50	55
939	15	57	59
931	15	49	55
884	15	2	15
915	15	33	55
883	15	1	55
1392	23	6	1
1393	23	7	4
1395	23	9	5
1396	23	10	7
1399	23	13	9
1400	23	14	11
1402	23	16	13
1403	23	17	15
1391	23	5	1
1394	23	8	5
1398	23	12	9
1401	23	15	15
1390	23	4	1
1397	23	11	15
1389	23	3	15
1407	23	21	17
1408	23	22	20
1410	23	24	21
1411	23	25	23
1414	23	28	25
1415	23	29	27
1417	23	31	29
1418	23	32	31
1406	23	20	17
1409	23	23	23
1413	23	27	27
1416	23	30	31
1405	23	19	23
1412	23	26	31
1404	23	18	31
1423	23	37	33
1424	23	38	36
1426	23	40	38
1427	23	41	39
1430	23	44	41
1431	23	45	43
1433	23	47	46
1434	23	48	47
1422	23	36	33
1425	23	39	39
1429	23	43	43
1432	23	46	47
1428	23	42	43
1421	23	35	33
1420	23	34	43
1438	23	52	49
1439	23	53	52
1441	23	55	53
1442	23	56	55
1445	23	59	57
1446	23	60	59
1448	23	62	61
1449	23	63	63
1437	23	51	49
1440	23	54	53
1444	23	58	59
1447	23	61	63
1436	23	50	49
1443	23	57	63
1435	23	49	49
1388	23	2	31
1419	23	33	49
1387	23	1	49
825	14	6	1
826	14	7	4
828	14	9	6
832	14	13	9
829	14	10	7
833	14	14	11
835	14	16	14
836	14	17	15
824	14	5	1
827	14	8	7
831	14	12	9
834	14	15	15
823	14	4	1
830	14	11	15
822	14	3	1
840	14	21	17
841	14	22	19
843	14	24	21
844	14	25	23
847	14	28	25
848	14	29	27
850	14	31	30
851	14	32	31
839	14	20	17
842	14	23	23
849	14	30	31
846	14	27	27
838	14	19	23
845	14	26	31
837	14	18	23
856	14	37	33
857	14	38	35
859	14	40	38
860	14	41	39
863	14	44	41
864	14	45	43
866	14	47	46
867	14	48	47
855	14	36	33
858	14	39	39
862	14	43	41
865	14	46	47
854	14	35	33
861	14	42	47
853	14	34	33
871	14	52	49
874	14	55	54
872	14	53	51
875	14	56	55
878	14	59	58
879	14	60	59
881	14	62	61
882	14	63	63
870	14	51	49
873	14	54	55
877	14	58	59
880	14	61	63
869	14	50	55
876	14	57	63
868	14	49	55
821	14	2	1
852	14	33	33
820	14	1	1
384	7	6	1
385	7	7	4
387	7	9	6
388	7	10	8
391	7	13	10
392	7	14	12
395	7	17	15
394	7	16	14
383	7	5	1
386	7	8	6
390	7	12	12
393	7	15	15
382	7	4	1
389	7	11	15
381	7	3	15
399	7	21	17
400	7	22	20
402	7	24	21
403	7	25	23
406	7	28	25
407	7	29	27
409	7	31	29
410	7	32	31
398	7	20	20
401	7	23	23
405	7	27	27
408	7	30	31
397	7	19	23
404	7	26	31
396	7	18	31
415	7	37	33
416	7	38	36
418	7	40	37
419	7	41	39
422	7	44	41
423	7	45	43
425	7	47	45
426	7	48	47
414	7	36	33
417	7	39	39
421	7	43	43
424	7	46	47
420	7	42	43
413	7	35	33
412	7	34	43
430	7	52	49
431	7	53	51
433	7	55	53
434	7	56	55
437	7	59	57
438	7	60	59
440	7	62	61
441	7	63	63
429	7	51	49
432	7	54	55
436	7	58	59
439	7	61	61
435	7	57	59
428	7	50	49
427	7	49	59
380	7	2	31
411	7	33	43
379	7	1	31
1518	25	69	65
1521	25	72	70
1519	25	70	67
1522	25	73	71
1525	25	76	73
1526	25	77	76
1528	25	79	78
1529	25	80	79
1517	25	68	65
1520	25	71	71
1524	25	75	73
1527	25	78	79
1516	25	67	71
1523	25	74	79
1515	25	66	71
1533	25	84	81
1534	25	85	84
1536	25	87	85
1537	25	88	88
1540	25	91	89
1541	25	92	91
1543	25	94	94
1544	25	95	95
1532	25	83	81
1535	25	86	88
1539	25	90	91
1542	25	93	95
1531	25	82	81
1538	25	89	95
1530	25	81	95
1514	25	65	95
1549	25	100	97
1550	25	101	99
1552	25	103	101
1553	25	104	103
1556	25	107	106
1557	25	108	107
1559	25	110	109
1560	25	111	111
1548	25	99	97
1551	25	102	101
1555	25	106	106
1558	25	109	109
1547	25	98	97
1554	25	105	106
1546	25	97	106
1564	25	115	113
1565	25	116	115
1567	25	118	118
1568	25	119	119
1571	25	122	122
1572	25	123	123
1574	25	125	125
1575	25	126	127
1563	25	114	113
1566	25	117	119
1570	25	121	123
1573	25	124	125
1569	25	120	123
1562	25	113	113
1561	25	112	123
1545	25	96	123
1513	25	64	123
1581	26	69	65
1582	26	70	68
1584	26	72	69
1585	26	73	71
1588	26	76	73
1589	26	77	75
1591	26	79	78
1592	26	80	79
1580	26	68	65
1583	26	71	69
1587	26	75	73
1590	26	78	79
1579	26	67	65
1586	26	74	73
1578	26	66	65
1596	26	84	81
1597	26	85	83
1599	26	87	86
1600	26	88	87
1603	26	91	89
1604	26	92	91
1606	26	94	94
1598	26	86	87
1595	26	83	81
1602	26	90	89
1607	26	95	95
1594	26	82	87
1605	26	93	95
1601	26	89	95
1593	26	81	95
1612	26	100	97
1613	26	101	99
1615	26	103	101
1616	26	104	103
1619	26	107	105
1620	26	108	107
1622	26	110	110
1623	26	111	111
1611	26	99	97
1614	26	102	103
1618	26	106	107
1621	26	109	111
1610	26	98	97
1617	26	105	107
1609	26	97	97
1627	26	115	113
1628	26	116	115
1630	26	118	117
1631	26	119	119
1635	26	123	123
1634	26	122	121
1637	26	125	126
1638	26	126	127
1626	26	114	113
1629	26	117	119
1633	26	121	123
1636	26	124	127
1625	26	113	113
1632	26	120	127
1624	26	112	113
1577	26	65	65
1608	26	96	97
1576	26	64	97
1644	27	69	65
1645	27	70	67
1647	27	72	69
1648	27	73	71
1651	27	76	74
1652	27	77	75
1654	27	79	78
1655	27	80	79
1643	27	68	65
1646	27	71	69
1650	27	75	75
1653	27	78	79
1642	27	67	65
1649	27	74	79
1641	27	66	79
1640	27	65	79
1659	27	84	81
1660	27	85	83
1662	27	87	86
1663	27	88	87
1666	27	91	89
1667	27	92	92
1669	27	94	93
1670	27	95	95
1658	27	83	81
1661	27	86	87
1665	27	90	89
1668	27	93	95
1657	27	82	87
1664	27	89	95
1656	27	81	87
1675	27	100	97
1676	27	101	100
1678	27	103	101
1679	27	104	103
1682	27	107	105
1683	27	108	107
1685	27	110	110
1686	27	111	111
1674	27	99	97
1677	27	102	103
1681	27	106	107
1684	27	109	111
1673	27	98	97
1680	27	105	107
1672	27	97	97
1690	27	115	113
1691	27	116	115
1693	27	118	117
1694	27	119	119
1697	27	122	122
1698	27	123	123
1700	27	125	125
1701	27	126	127
1689	27	114	113
1692	27	117	119
1696	27	121	123
1699	27	124	127
1688	27	113	113
1695	27	120	127
1687	27	112	113
1671	27	96	113
1639	27	64	113
1707	28	69	65
1708	28	70	67
1710	28	72	70
1711	28	73	71
1714	28	76	73
1715	28	77	75
1717	28	79	78
1718	28	80	79
1706	28	68	65
1709	28	71	70
1713	28	75	73
1716	28	78	79
1705	28	67	65
1712	28	74	79
1704	28	66	65
1722	28	84	81
1723	28	85	83
1725	28	87	85
1726	28	88	87
1729	28	91	89
1730	28	92	91
1732	28	94	93
1733	28	95	95
1721	28	83	81
1724	28	86	87
1728	28	90	91
1731	28	93	93
1720	28	82	87
1727	28	89	91
1719	28	81	87
1738	28	100	97
1739	28	101	99
1741	28	103	102
1742	28	104	103
1745	28	107	105
1746	28	108	107
1748	28	110	110
1749	28	111	111
1737	28	99	97
1740	28	102	103
1744	28	106	105
1747	28	109	111
1736	28	98	97
1743	28	105	105
1735	28	97	97
1753	28	115	113
1754	28	116	115
1756	28	118	117
1757	28	119	119
1760	28	122	121
1761	28	123	123
1763	28	125	125
1764	28	126	127
1752	28	114	113
1755	28	117	119
1759	28	121	121
1762	28	124	127
1751	28	113	113
1758	28	120	127
1750	28	112	113
1703	28	65	65
1734	28	96	97
1702	28	64	65
2652	43	69	65
2653	43	70	67
2655	43	72	69
2656	43	73	71
2659	43	76	73
2660	43	77	75
2662	43	79	77
2663	43	80	79
2651	43	68	65
2654	43	71	69
2658	43	75	73
2661	43	78	79
2650	43	67	65
2657	43	74	79
2649	43	66	65
2667	43	84	81
2668	43	85	83
2670	43	87	86
2671	43	88	87
2674	43	91	90
2675	43	92	91
2677	43	94	93
2678	43	95	95
2666	43	83	81
2669	43	86	87
2673	43	90	91
2676	43	93	95
2665	43	82	81
2672	43	89	95
2664	43	81	95
2683	43	100	97
2684	43	101	99
2686	43	103	101
2687	43	104	103
2690	43	107	105
2691	43	108	107
2693	43	110	109
2694	43	111	111
2682	43	99	97
2685	43	102	101
2689	43	106	107
2692	43	109	111
2688	43	105	107
2681	43	98	97
2680	43	97	97
2698	43	115	113
2699	43	116	116
2701	43	118	117
2702	43	119	119
2705	43	122	121
2706	43	123	123
2708	43	125	125
2709	43	126	127
2697	43	114	113
2700	43	117	119
2704	43	121	123
2707	43	124	127
2696	43	113	113
2703	43	120	123
2695	43	112	113
2648	43	65	65
2679	43	96	113
2647	43	64	65
1770	29	69	65
1771	29	70	68
1773	29	72	69
1774	29	73	71
1777	29	76	74
1778	29	77	75
1780	29	79	77
1781	29	80	79
1769	29	68	68
1772	29	71	69
1776	29	75	74
1779	29	78	77
1768	29	67	69
1775	29	74	77
1767	29	66	69
1785	29	84	81
1786	29	85	84
1788	29	87	85
1789	29	88	87
1792	29	91	89
1793	29	92	91
1795	29	94	94
1796	29	95	95
1784	29	83	81
1787	29	86	85
1791	29	90	91
1794	29	93	95
1783	29	82	81
1790	29	89	95
1782	29	81	95
1801	29	100	97
1802	29	101	99
1804	29	103	101
1805	29	104	104
1808	29	107	106
1809	29	108	108
1811	29	110	110
1812	29	111	111
1800	29	99	97
1803	29	102	101
1807	29	106	106
1810	29	109	111
1799	29	98	97
1806	29	105	106
1798	29	97	106
1816	29	115	113
1817	29	116	116
1819	29	118	118
1820	29	119	120
1823	29	122	121
1824	29	123	124
1826	29	125	125
1827	29	126	127
1815	29	114	116
1818	29	117	118
1825	29	124	127
1822	29	121	121
1821	29	120	127
1814	29	113	118
1813	29	112	127
1766	29	65	69
1797	29	96	106
1765	29	64	106
1833	30	69	65
1834	30	70	68
1836	30	72	69
1837	30	73	71
1840	30	76	74
1841	30	77	75
1843	30	79	78
1844	30	80	79
1832	30	68	65
1835	30	71	71
1839	30	75	75
1842	30	78	79
1831	30	67	65
1838	30	74	75
1830	30	66	65
1848	30	84	81
1849	30	85	84
1851	30	87	85
1852	30	88	87
1855	30	91	90
1856	30	92	91
1858	30	94	94
1859	30	95	95
1847	30	83	81
1850	30	86	87
1854	30	90	91
1857	30	93	95
1846	30	82	81
1853	30	89	95
1845	30	81	81
1864	30	100	97
1865	30	101	100
1867	30	103	101
1868	30	104	103
1871	30	107	106
1872	30	108	107
1874	30	110	110
1875	30	111	111
1863	30	99	97
1866	30	102	103
1870	30	106	107
1873	30	109	111
1869	30	105	107
1862	30	98	97
1861	30	97	97
1879	30	115	113
1880	30	116	116
1882	30	118	117
1883	30	119	119
1886	30	122	121
1887	30	123	123
1889	30	125	125
1890	30	126	127
1878	30	114	113
1881	30	117	117
1885	30	121	123
1888	30	124	125
1884	30	120	123
1877	30	113	117
1876	30	112	123
1860	30	96	123
1829	30	65	65
1828	30	64	65
1896	31	69	65
1897	31	70	67
1899	31	72	70
1900	31	73	71
1903	31	76	73
1904	31	77	75
1906	31	79	78
1907	31	80	79
1895	31	68	65
1898	31	71	71
1902	31	75	73
1905	31	78	79
1894	31	67	65
1901	31	74	79
1893	31	66	65
1911	31	84	81
1912	31	85	83
1914	31	87	85
1915	31	88	87
1918	31	91	89
1919	31	92	91
1921	31	94	94
1922	31	95	95
1910	31	83	81
1913	31	86	85
1917	31	90	91
1920	31	93	95
1909	31	82	85
1916	31	89	95
1908	31	81	85
1927	31	100	97
1928	31	101	99
1930	31	103	101
1931	31	104	103
1934	31	107	105
1935	31	108	107
1937	31	110	110
1938	31	111	111
1926	31	99	97
1929	31	102	101
1933	31	106	107
1936	31	109	111
1925	31	98	97
1932	31	105	107
1924	31	97	97
1942	31	115	113
1943	31	116	116
1945	31	118	117
1946	31	119	119
1949	31	122	121
1950	31	123	123
1952	31	125	125
1953	31	126	127
1941	31	114	113
1944	31	117	119
1948	31	121	121
1951	31	124	127
1940	31	113	113
1947	31	120	127
1939	31	112	113
1892	31	65	85
1923	31	96	113
1891	31	64	113
1959	32	69	65
1960	32	70	67
1962	32	72	70
1963	32	73	71
1966	32	76	73
1967	32	77	75
1969	32	79	78
1970	32	80	79
1958	32	68	65
1961	32	71	71
1965	32	75	73
1968	32	78	79
1964	32	74	73
1957	32	67	71
1956	32	66	73
1974	32	84	82
1975	32	85	84
1977	32	87	85
1978	32	88	87
1981	32	91	89
1982	32	92	92
1984	32	94	94
1985	32	95	95
1973	32	83	84
1976	32	86	87
1980	32	90	89
1983	32	93	94
1972	32	82	87
1979	32	89	94
1971	32	81	87
1990	32	100	97
1991	32	101	100
1993	32	103	101
1994	32	104	103
1997	32	107	105
1998	32	108	107
2000	32	110	110
2001	32	111	111
1989	32	99	97
1992	32	102	101
1996	32	106	105
1999	32	109	111
1988	32	98	97
1995	32	105	105
1987	32	97	105
2005	32	115	113
2006	32	116	116
2008	32	118	117
2009	32	119	119
2012	32	122	121
2013	32	123	123
2015	32	125	125
2016	32	126	127
2004	32	114	113
2007	32	117	119
2011	32	121	121
2014	32	124	125
2003	32	113	119
2010	32	120	121
2002	32	112	121
1986	32	96	121
1955	32	65	73
1954	32	64	121
2022	33	69	65
2023	33	70	67
2025	33	72	69
2026	33	73	71
2029	33	76	73
2030	33	77	76
2032	33	79	77
2033	33	80	79
2021	33	68	65
2024	33	71	69
2028	33	75	73
2031	33	78	79
2027	33	74	79
2020	33	67	65
2019	33	66	79
2037	33	84	81
2038	33	85	84
2040	33	87	85
2041	33	88	87
2044	33	91	89
2045	33	92	91
2047	33	94	94
2048	33	95	95
2036	33	83	81
2039	33	86	85
2043	33	90	91
2046	33	93	95
2035	33	82	81
2042	33	89	95
2034	33	81	95
2053	33	100	97
2056	33	103	101
2057	33	104	103
2060	33	107	105
2061	33	108	107
2063	33	110	109
2064	33	111	111
2054	33	101	100
2052	33	99	97
2055	33	102	101
2059	33	106	107
2062	33	109	111
2051	33	98	97
2058	33	105	107
2050	33	97	97
2049	33	96	97
2068	33	115	113
2069	33	116	116
2071	33	118	118
2072	33	119	119
2075	33	122	121
2076	33	123	123
2078	33	125	126
2079	33	126	127
2067	33	114	113
2070	33	117	119
2074	33	121	123
2077	33	124	127
2066	33	113	113
2073	33	120	123
2065	33	112	113
2018	33	65	79
2017	33	64	97
2085	34	69	65
2086	34	70	67
2088	34	72	70
2089	34	73	71
2092	34	76	73
2093	34	77	75
2095	34	79	77
2096	34	80	79
2084	34	68	65
2087	34	71	71
2091	34	75	75
2094	34	78	79
2083	34	67	65
2090	34	74	79
2082	34	66	65
2100	34	84	81
2101	34	85	83
2103	34	87	85
2104	34	88	87
2107	34	91	90
2108	34	92	91
2110	34	94	93
2111	34	95	95
2099	34	83	81
2102	34	86	87
2106	34	90	91
2109	34	93	95
2098	34	82	87
2105	34	89	95
2097	34	81	87
2116	34	100	97
2117	34	101	100
2119	34	103	101
2120	34	104	103
2123	34	107	105
2124	34	108	107
2126	34	110	110
2127	34	111	111
2115	34	99	97
2118	34	102	103
2122	34	106	107
2125	34	109	110
2114	34	98	97
2121	34	105	107
2113	34	97	97
2112	34	96	97
2131	34	115	113
2132	34	116	116
2134	34	118	117
2135	34	119	119
2138	34	122	121
2139	34	123	123
2141	34	125	125
2142	34	126	127
2130	34	114	113
2133	34	117	119
2137	34	121	123
2140	34	124	127
2129	34	113	119
2128	34	112	119
2081	34	65	65
2080	34	64	97
2148	35	69	65
2149	35	70	67
2151	35	72	70
2152	35	73	71
2155	35	76	73
2156	35	77	75
2158	35	79	77
2159	35	80	79
2147	35	68	65
2150	35	71	71
2154	35	75	75
2157	35	78	79
2153	35	74	79
2146	35	67	71
2145	35	66	79
2163	35	84	81
2164	35	85	84
2166	35	87	85
2167	35	88	87
2170	35	91	89
2171	35	92	91
2173	35	94	93
2174	35	95	95
2162	35	83	81
2165	35	86	85
2169	35	90	91
2172	35	93	95
2161	35	82	85
2168	35	89	95
2160	35	81	85
2179	35	100	97
2180	35	101	100
2182	35	103	101
2183	35	104	103
2186	35	107	105
2187	35	108	107
2189	35	110	110
2190	35	111	111
2178	35	99	97
2181	35	102	103
2185	35	106	105
2188	35	109	111
2177	35	98	97
2184	35	105	105
2176	35	97	97
2194	35	115	113
2195	35	116	116
2197	35	118	117
2198	35	119	119
2201	35	122	121
2202	35	123	123
2204	35	125	125
2205	35	126	127
2193	35	114	113
2196	35	117	119
2200	35	121	123
2203	35	124	127
2199	35	120	127
2192	35	113	113
2191	35	112	113
2175	35	96	113
2144	35	65	79
2143	35	64	113
2211	36	69	65
2212	36	70	68
2214	36	72	69
2215	36	73	71
2218	36	76	74
2219	36	77	75
2221	36	79	78
2222	36	80	79
2210	36	68	65
2213	36	71	71
2217	36	75	75
2220	36	78	78
2209	36	67	65
2216	36	74	75
2208	36	66	65
2226	36	84	81
2227	36	85	83
2229	36	87	85
2230	36	88	87
2233	36	91	89
2234	36	92	91
2236	36	94	94
2237	36	95	95
2225	36	83	83
2228	36	86	87
2232	36	90	91
2235	36	93	94
2224	36	82	83
2231	36	89	91
2223	36	81	91
2242	36	100	97
2243	36	101	99
2245	36	103	101
2246	36	104	103
2249	36	107	106
2250	36	108	107
2252	36	110	110
2253	36	111	111
2241	36	99	97
2244	36	102	101
2248	36	106	107
2251	36	109	111
2240	36	98	101
2247	36	105	107
2239	36	97	107
2257	36	115	113
2258	36	116	116
2260	36	118	117
2261	36	119	119
2264	36	122	121
2265	36	123	123
2267	36	125	125
2268	36	126	127
2256	36	114	113
2259	36	117	117
2263	36	121	123
2266	36	124	127
2255	36	113	113
2262	36	120	127
2254	36	112	127
2238	36	96	127
2207	36	65	65
2206	36	64	65
2715	44	69	65
2716	44	70	67
2718	44	72	70
2719	44	73	71
2726	44	80	80
2722	44	76	73
2725	44	79	77
2723	44	77	75
2714	44	68	65
2717	44	71	71
2721	44	75	75
2724	44	78	77
2713	44	67	71
2720	44	74	75
2712	44	66	75
2730	44	84	81
2731	44	85	83
2733	44	87	86
2734	44	88	87
2737	44	91	89
2738	44	92	91
2740	44	94	93
2741	44	95	95
2729	44	83	83
2732	44	86	87
2736	44	90	91
2739	44	93	93
2735	44	89	91
2728	44	82	87
2727	44	81	91
2746	44	100	97
2747	44	101	100
2749	44	103	101
2750	44	104	103
2753	44	107	105
2754	44	108	107
2756	44	110	109
2757	44	111	111
2745	44	99	100
2748	44	102	101
2752	44	106	105
2755	44	109	109
2751	44	105	105
2744	44	98	101
2743	44	97	101
2761	44	115	113
2762	44	116	116
2764	44	118	117
2765	44	119	120
2768	44	122	121
2769	44	123	123
2771	44	125	125
2772	44	126	127
2760	44	114	116
2763	44	117	117
2767	44	121	121
2770	44	124	127
2759	44	113	116
2766	44	120	127
2758	44	112	116
2711	44	65	91
2742	44	96	101
2710	44	64	91
2274	37	69	65
2275	37	70	67
2277	37	72	70
2278	37	73	72
2281	37	76	73
2282	37	77	75
2284	37	79	78
2285	37	80	79
2273	37	68	65
2276	37	71	70
2280	37	75	73
2283	37	78	79
2272	37	67	65
2279	37	74	79
2271	37	66	65
2289	37	84	81
2290	37	85	83
2292	37	87	85
2293	37	88	87
2296	37	91	90
2297	37	92	91
2299	37	94	94
2300	37	95	95
2288	37	83	81
2291	37	86	87
2295	37	90	91
2298	37	93	95
2287	37	82	87
2294	37	89	91
2286	37	81	91
2305	37	100	97
2306	37	101	100
2308	37	103	102
2309	37	104	103
2312	37	107	105
2313	37	108	107
2315	37	110	110
2316	37	111	111
2304	37	99	97
2307	37	102	103
2311	37	106	107
2314	37	109	111
2303	37	98	97
2310	37	105	107
2302	37	97	97
2320	37	115	113
2321	37	116	116
2323	37	118	117
2324	37	119	119
2327	37	122	121
2328	37	123	123
2330	37	125	126
2331	37	126	127
2319	37	114	113
2322	37	117	119
2326	37	121	121
2329	37	124	127
2318	37	113	119
2325	37	120	127
2317	37	112	119
2270	37	65	65
2301	37	96	97
2269	37	64	65
2337	38	69	65
2338	38	70	67
2340	38	72	70
2344	38	76	74
2341	38	73	71
2345	38	77	75
2347	38	79	78
2348	38	80	79
2336	38	68	65
2339	38	71	70
2343	38	75	75
2346	38	78	79
2335	38	67	65
2342	38	74	75
2334	38	66	65
2352	38	84	81
2353	38	85	84
2355	38	87	85
2356	38	88	87
2359	38	91	90
2360	38	92	91
2362	38	94	94
2363	38	95	95
2361	38	93	94
2358	38	90	90
2354	38	86	87
2351	38	83	84
2357	38	89	94
2350	38	82	87
2349	38	81	87
2368	38	100	97
2369	38	101	100
2371	38	103	102
2372	38	104	103
2375	38	107	105
2376	38	108	107
2378	38	110	110
2379	38	111	111
2367	38	99	97
2370	38	102	103
2374	38	106	105
2377	38	109	111
2373	38	105	105
2366	38	98	103
2365	38	97	103
2383	38	115	113
2384	38	116	115
2386	38	118	118
2387	38	119	120
2390	38	122	121
2391	38	123	123
2393	38	125	125
2394	38	126	127
2382	38	114	113
2385	38	117	120
2389	38	121	123
2392	38	124	127
2381	38	113	113
2388	38	120	123
2380	38	112	123
2333	38	65	87
2364	38	96	103
2332	38	64	103
2463	40	69	65
2464	40	70	67
2466	40	72	69
2467	40	73	71
2470	40	76	74
2471	40	77	75
2473	40	79	78
2474	40	80	79
2462	40	68	65
2465	40	71	71
2469	40	75	75
2472	40	78	78
2461	40	67	65
2468	40	74	75
2460	40	66	65
2478	40	84	81
2479	40	85	84
2481	40	87	85
2482	40	88	87
2485	40	91	90
2486	40	92	91
2488	40	94	94
2489	40	95	95
2477	40	83	81
2480	40	86	87
2484	40	90	91
2487	40	93	95
2483	40	89	91
2476	40	82	87
2475	40	81	91
2494	40	100	97
2495	40	101	100
2497	40	103	101
2498	40	104	103
2501	40	107	105
2502	40	108	107
2504	40	110	110
2505	40	111	111
2493	40	99	97
2496	40	102	101
2500	40	106	107
2503	40	109	111
2492	40	98	97
2499	40	105	107
2491	40	97	97
2509	40	115	113
2510	40	116	116
2512	40	118	118
2513	40	119	119
2516	40	122	121
2517	40	123	123
2519	40	125	126
2520	40	126	127
2508	40	114	113
2511	40	117	119
2515	40	121	121
2518	40	124	127
2507	40	113	113
2514	40	120	127
2506	40	112	113
2459	40	65	65
2490	40	96	97
2458	40	64	97
2400	39	69	65
2401	39	70	67
2403	39	72	69
2404	39	73	71
2407	39	76	73
2408	39	77	75
2410	39	79	78
2411	39	80	80
2399	39	68	65
2402	39	71	69
2406	39	75	75
2409	39	78	78
2398	39	67	65
2405	39	74	75
2397	39	66	65
2415	39	84	81
2416	39	85	84
2418	39	87	85
2419	39	88	87
2422	39	91	90
2423	39	92	91
2425	39	94	94
2426	39	95	95
2414	39	83	81
2417	39	86	85
2421	39	90	91
2424	39	93	95
2413	39	82	81
2420	39	89	91
2412	39	81	81
2432	39	101	100
2431	39	100	97
2434	39	103	102
2435	39	104	103
2438	39	107	105
2439	39	108	107
2441	39	110	110
2442	39	111	111
2430	39	99	97
2433	39	102	103
2437	39	106	107
2440	39	109	111
2429	39	98	97
2436	39	105	107
2428	39	97	97
2446	39	115	113
2447	39	116	116
2449	39	118	117
2450	39	119	119
2453	39	122	121
2454	39	123	123
2456	39	125	126
2457	39	126	127
2445	39	114	113
2448	39	117	117
2452	39	121	123
2455	39	124	127
2444	39	113	113
2451	39	120	127
2443	39	112	127
2396	39	65	65
2427	39	96	97
2395	39	64	97
2526	41	69	65
2527	41	70	67
2529	41	72	70
2530	41	73	71
2533	41	76	73
2534	41	77	75
2536	41	79	77
2537	41	80	79
2525	41	68	65
2528	41	71	71
2532	41	75	75
2535	41	78	79
2531	41	74	79
2524	41	67	65
2523	41	66	65
2541	41	84	81
2542	41	85	83
2544	41	87	85
2545	41	88	87
2548	41	91	89
2549	41	92	91
2551	41	94	93
2552	41	95	95
2540	41	83	81
2543	41	86	87
2547	41	90	89
2550	41	93	93
2539	41	82	87
2546	41	89	93
2538	41	81	87
2557	41	100	97
2558	41	101	100
2560	41	103	102
2561	41	104	103
2564	41	107	105
2565	41	108	107
2567	41	110	110
2568	41	111	111
2556	41	99	97
2559	41	102	103
2563	41	106	105
2566	41	109	111
2555	41	98	97
2562	41	105	105
2554	41	97	97
2572	41	115	113
2573	41	116	116
2575	41	118	117
2576	41	119	119
2579	41	122	121
2580	41	123	123
2582	41	125	126
2583	41	126	127
2571	41	114	113
2574	41	117	117
2578	41	121	123
2581	41	124	126
2577	41	120	123
2570	41	113	113
2569	41	112	113
2522	41	65	65
2553	41	96	97
2521	41	64	65
2620	42	100	97
2621	42	101	99
2623	42	103	101
2624	42	104	103
2627	42	107	105
2628	42	108	107
2630	42	110	109
2631	42	111	111
2619	42	99	97
2622	42	102	103
2626	42	106	107
2629	42	109	109
2618	42	98	97
2625	42	105	107
2617	42	97	97
2635	42	115	113
2636	42	116	115
2638	42	118	117
2639	42	119	119
2642	42	122	121
2643	42	123	123
2645	42	125	125
2646	42	126	127
2634	42	114	113
2637	42	117	117
2641	42	121	123
2644	42	124	127
2633	42	113	117
2640	42	120	123
2632	42	112	117
2589	42	69	65
2590	42	70	68
2592	42	72	70
2593	42	73	71
2596	42	76	73
2597	42	77	75
2599	42	79	77
2600	42	80	79
2588	42	68	65
2591	42	71	71
2595	42	75	73
2598	42	78	79
2587	42	67	65
2594	42	74	73
2586	42	66	65
2604	42	84	81
2605	42	85	84
2607	42	87	85
2608	42	88	87
2611	42	91	89
2612	42	92	91
2614	42	94	94
2615	42	95	95
2603	42	83	81
2606	42	86	85
2610	42	90	91
2613	42	93	95
2602	42	82	85
2609	42	89	91
2601	42	81	91
2585	42	65	65
2616	42	96	97
2584	42	64	97
2136	34	120	127
3345	54	132	129
3346	54	133	131
3356	54	143	143
3353	54	140	139
3352	54	139	138
3351	54	138	139
3354	54	141	143
3350	54	137	143
3355	54	142	142
2841	46	132	129
2851	46	142	142
2842	46	133	131
2840	46	131	129
2839	46	130	129
2844	46	135	134
2848	46	139	138
2849	46	140	139
2847	46	138	139
2852	46	143	143
2845	46	136	135
2838	46	129	129
2843	46	134	135
2850	46	141	143
2846	46	137	139
2887	46	178	177
2888	46	179	180
2890	46	181	182
2891	46	182	183
2894	46	185	185
2895	46	186	187
2897	46	188	190
2898	46	189	191
2886	46	177	177
2889	46	180	183
2893	46	184	185
2896	46	187	191
2892	46	183	191
2885	46	176	177
2884	46	175	191
2856	46	147	145
2857	46	148	147
2859	46	150	150
2860	46	151	151
2863	46	154	154
2864	46	155	155
2866	46	157	158
2867	46	158	159
2855	46	146	145
2858	46	149	151
2865	46	156	158
2854	46	145	151
2853	46	144	151
2872	46	163	161
2873	46	164	164
2875	46	166	165
2876	46	167	167
2879	46	170	169
2880	46	171	171
2882	46	173	174
2883	46	174	175
2881	46	172	174
2878	46	169	171
2874	46	165	167
2871	46	162	161
2870	46	161	161
2877	46	168	171
2869	46	160	161
2868	46	159	161
2837	46	128	129
2836	46	127	161
3534	57	132	129
3537	57	135	133
3538	57	136	135
3541	57	139	137
3542	57	140	139
3545	57	143	143
3535	57	133	132
3583	57	181	182
3584	57	182	183
3587	57	185	185
3588	57	186	187
3591	57	189	191
3549	57	147	145
3550	57	148	147
3553	57	151	151
3556	57	154	154
3557	57	155	155
3559	57	157	158
3560	57	158	159
3548	57	146	145
3551	57	149	151
3558	57	156	159
3547	57	145	151
3554	57	152	159
3546	57	144	151
3565	57	163	161
3566	57	164	163
3572	57	170	169
3573	57	171	171
3575	57	173	173
3576	57	174	175
3564	57	162	161
3568	57	166	165
3563	57	161	161
3567	57	165	165
3569	57	167	167
3562	57	160	161
3571	57	169	171
3570	57	168	171
3574	57	172	175
3533	57	131	129
3536	57	134	135
3540	57	138	139
3543	57	141	143
3532	57	130	129
3530	57	128	129
3531	57	129	129
3539	57	137	143
3580	57	178	177
3579	57	177	177
3582	57	180	182
3578	57	176	177
3586	57	184	185
3577	57	175	177
3561	57	159	161
3529	57	127	161
3282	53	132	129
3283	53	133	132
3285	53	135	134
3286	53	136	135
3289	53	139	138
3290	53	140	139
3292	53	142	142
3293	53	143	143
3281	53	131	129
3284	53	134	135
3288	53	138	139
3291	53	141	143
3280	53	130	129
3287	53	137	139
3328	53	178	177
3329	53	179	180
3331	53	181	182
3332	53	182	183
3335	53	185	185
3336	53	186	187
3338	53	188	190
3339	53	189	191
3327	53	177	177
3330	53	180	183
3334	53	184	187
3337	53	187	191
3326	53	176	177
3333	53	183	191
3325	53	175	191
3297	53	147	145
3298	53	148	148
3300	53	150	149
3301	53	151	151
3304	53	154	154
3305	53	155	155
3307	53	157	158
3308	53	158	159
3296	53	146	145
3303	53	153	155
3306	53	156	159
3302	53	152	159
3294	53	144	159
3313	53	163	161
3314	53	164	164
3316	53	166	165
3317	53	167	167
3320	53	170	169
3321	53	171	171
3323	53	173	174
3324	53	174	175
3312	53	162	161
3315	53	165	165
3319	53	169	169
3322	53	172	175
3311	53	161	161
3318	53	168	175
3310	53	160	161
3309	53	159	161
3277	53	127	161
3408	55	132	129
3409	55	133	131
3411	55	135	134
3412	55	136	135
3415	55	139	138
3416	55	140	139
3418	55	142	142
3419	55	143	143
3407	55	131	129
3410	55	134	135
3414	55	138	139
3417	55	141	143
3406	55	130	129
3413	55	137	139
3405	55	129	129
3454	55	178	177
3455	55	179	180
3457	55	181	181
3458	55	182	183
3461	55	185	185
3462	55	186	187
3464	55	188	190
3465	55	189	191
3453	55	177	177
3456	55	180	181
3460	55	184	185
3463	55	187	191
3452	55	176	177
3459	55	183	191
3451	55	175	191
3423	55	147	145
3424	55	148	147
3426	55	150	149
3427	55	151	151
3431	55	155	155
3430	55	154	153
3433	55	157	157
3434	55	158	159
3422	55	146	145
3425	55	149	151
3429	55	153	155
3432	55	156	159
3421	55	145	145
3428	55	152	159
3420	55	144	145
3439	55	163	161
3440	55	164	163
3442	55	166	166
2904	47	132	129
3443	55	167	167
3446	55	170	170
3447	55	171	171
3449	55	173	173
2903	47	131	129
3450	55	174	175
3438	55	162	161
3441	55	165	167
3445	55	169	171
3448	55	172	173
3437	55	161	161
3444	55	168	171
3436	55	160	161
3404	55	128	129
3435	55	159	161
3403	55	127	129
2907	47	135	134
2911	47	139	137
2914	47	142	142
2915	47	143	143
2913	47	141	143
2910	47	138	137
3723	60	132	129
3724	60	133	131
3726	60	135	133
3727	60	136	135
3730	60	139	138
3731	60	140	139
3733	60	142	141
3734	60	143	143
3722	60	131	129
3725	60	134	135
3729	60	138	139
3732	60	141	143
3721	60	130	129
3728	60	137	143
3720	60	129	129
3769	60	178	177
3770	60	179	180
3772	60	181	181
3773	60	182	183
3776	60	185	186
3777	60	186	187
3779	60	188	189
3780	60	189	191
3768	60	177	177
3771	60	180	181
3775	60	184	187
3778	60	187	191
3767	60	176	177
3774	60	183	191
3766	60	175	191
3738	60	147	145
3739	60	148	148
3741	60	150	149
3742	60	151	151
3745	60	154	153
3746	60	155	156
3748	60	157	157
3749	60	158	159
3737	60	146	145
3740	60	149	151
3744	60	153	153
3747	60	156	159
3736	60	145	151
3743	60	152	159
3735	60	144	151
3754	60	163	161
3755	60	164	163
3757	60	166	165
3758	60	167	167
3761	60	170	169
3762	60	171	171
3764	60	173	173
3765	60	174	175
3753	60	162	161
3756	60	165	165
3760	60	169	171
3763	60	172	173
3752	60	161	161
3759	60	168	171
3751	60	160	171
3719	60	128	129
3750	60	159	171
3718	60	127	171
3349	54	136	136
3660	59	132	130
3661	59	133	131
3663	59	135	133
3664	59	136	135
3668	59	140	139
3670	59	142	142
3671	59	143	143
3667	59	139	137
3662	59	134	135
3659	59	131	131
3666	59	138	139
3669	59	141	143
3658	59	130	135
3665	59	137	139
3657	59	129	139
3656	59	128	139
3706	59	178	177
3707	59	179	179
3709	59	181	181
3710	59	182	183
3713	59	185	186
3714	59	186	188
3716	59	188	190
3717	59	189	191
3705	59	177	179
3708	59	180	181
3712	59	184	188
3715	59	187	191
3704	59	176	179
3711	59	183	191
3703	59	175	191
3675	59	147	145
3676	59	148	147
3678	59	150	150
3679	59	151	151
3682	59	154	153
3683	59	155	155
3685	59	157	157
3686	59	158	159
3674	59	146	145
3677	59	149	151
3681	59	153	155
3684	59	156	159
3673	59	145	151
3680	59	152	159
3672	59	144	159
3691	59	163	161
3692	59	164	163
3694	59	166	165
3695	59	167	168
3698	59	170	170
3699	59	171	171
3701	59	173	173
3702	59	174	175
3700	59	172	173
3697	59	169	171
3693	59	165	165
3690	59	162	161
3689	59	161	161
3696	59	168	171
3688	59	160	161
3687	59	159	161
3655	59	127	139
3279	53	129	129
2998	48	163	161
2999	48	164	164
3001	48	166	165
3002	48	167	167
3005	48	170	169
3006	48	171	171
3008	48	173	174
3009	48	174	175
2997	48	162	161
3000	48	165	167
3004	48	169	169
3007	48	172	175
3003	48	168	175
2996	48	161	167
2995	48	160	175
2982	48	147	145
2983	48	148	148
2981	48	146	145
3278	53	128	191
2985	48	150	149
2986	48	151	151
2984	48	149	151
2980	48	145	145
2989	48	154	153
2990	48	155	155
2993	48	158	159
2988	48	153	155
2991	48	156	159
2992	48	157	157
2987	48	152	159
2979	48	144	159
3013	48	178	177
3014	48	179	180
3016	48	181	181
3017	48	182	183
3020	48	185	185
3021	48	186	187
3023	48	188	189
3024	48	189	191
3012	48	177	177
3015	48	180	181
3019	48	184	185
3022	48	187	191
3011	48	176	177
3018	48	183	191
3010	48	175	191
2967	48	132	129
2968	48	133	131
2970	48	135	134
2971	48	136	135
2974	48	139	137
2975	48	140	139
2978	48	143	143
2977	48	142	142
2966	48	131	129
2969	48	134	135
2973	48	138	139
2976	48	141	143
2965	48	130	135
2972	48	137	143
2964	48	129	143
2963	48	128	143
2994	48	159	175
2962	48	127	143
3299	53	149	151
3295	53	145	151
3879	62	163	161
3880	62	164	164
3597	58	132	129
3596	58	131	129
3595	58	130	129
3594	58	129	129
3598	58	133	131
3600	58	135	134
3601	58	136	136
3599	58	134	136
3604	58	139	138
3605	58	140	139
3603	58	138	139
3602	58	137	139
3607	58	142	142
3606	58	141	142
3608	58	143	143
3628	58	163	161
3627	58	162	161
3626	58	161	161
3625	58	160	161
3629	58	164	163
3631	58	166	166
3632	58	167	167
3630	58	165	167
3635	58	170	170
3636	58	171	171
3634	58	169	171
3633	58	168	171
3638	58	173	174
3639	58	174	175
3637	58	172	175
3612	58	147	145
3611	58	146	145
3613	58	148	147
3615	58	150	150
3616	58	151	151
3614	58	149	151
3610	58	145	151
3609	58	144	151
3619	58	154	153
3618	58	153	153
3620	58	155	156
3622	58	157	158
3623	58	158	159
3621	58	156	159
3617	58	152	159
3643	58	178	177
3642	58	177	177
3641	58	176	177
3644	58	179	180
3646	58	181	182
3647	58	182	183
3645	58	180	182
3650	58	185	186
3649	58	184	186
3651	58	186	187
3653	58	188	190
3654	58	189	191
3652	58	187	191
3648	58	183	191
3640	58	175	191
3593	58	128	191
3624	58	159	151
3592	58	127	151
3219	52	132	129
3220	52	133	131
3222	52	135	133
3223	52	136	135
3226	52	139	138
3227	52	140	139
3229	52	142	142
3230	52	143	143
3228	52	141	143
3225	52	138	139
3221	52	134	133
3218	52	131	129
3217	52	130	129
3224	52	137	143
3216	52	129	129
3265	52	178	177
3266	52	179	180
3268	52	181	181
3269	52	182	183
3272	52	185	185
3273	52	186	187
3275	52	188	190
3276	52	189	191
3274	52	187	191
3271	52	184	185
3267	52	180	181
3264	52	177	177
3263	52	176	181
3270	52	183	191
3262	52	175	191
3234	52	147	145
3235	52	148	147
3237	52	150	149
3241	52	154	153
3242	52	155	156
3245	52	158	159
3244	52	157	158
3243	52	156	159
3238	52	151	151
3240	52	153	156
3236	52	149	151
3233	52	146	145
3232	52	145	145
3239	52	152	159
3231	52	144	159
3250	52	163	161
3251	52	164	164
3253	52	166	165
3254	52	167	167
3257	52	170	169
3258	52	171	171
3260	52	173	174
3261	52	174	175
3259	52	172	175
3256	52	169	171
3252	52	165	165
3249	52	162	161
3248	52	161	161
3255	52	168	171
3247	52	160	161
3215	52	128	129
3246	52	159	159
3214	52	127	129
3348	54	135	134
3344	54	131	129
3347	54	134	136
3342	54	129	143
3343	54	130	129
3391	54	178	177
3392	54	179	179
3394	54	181	181
3395	54	182	183
3398	54	185	186
3399	54	186	187
3401	54	188	189
3402	54	189	191
3390	54	177	177
3393	54	180	181
3397	54	184	187
3400	54	187	191
3389	54	176	177
3396	54	183	191
3388	54	175	191
3360	54	147	145
3361	54	148	147
3363	54	150	149
3364	54	151	151
3367	54	154	153
3368	54	155	156
3370	54	157	158
3371	54	158	159
3359	54	146	145
3362	54	149	151
3366	54	153	153
3369	54	156	159
3358	54	145	145
3365	54	152	159
3357	54	144	145
3372	54	159	145
3376	54	163	161
3377	54	164	163
3379	54	166	165
3380	54	167	168
3383	54	170	169
3384	54	171	171
3386	54	173	173
3387	54	174	175
3375	54	162	161
3378	54	165	165
3382	54	169	171
3385	54	172	173
3381	54	168	171
3374	54	161	165
3373	54	160	171
3341	54	128	143
3340	54	127	145
3030	49	132	129
3031	49	133	132
3033	49	135	133
3034	49	136	135
3037	49	139	137
3038	49	140	139
3040	49	142	142
3039	49	141	142
3036	49	138	139
3032	49	134	133
3029	49	131	129
3028	49	130	133
3076	49	178	177
3079	49	181	181
3080	49	182	183
3083	49	185	185
3084	49	186	187
3087	49	189	191
3085	49	187	191
3082	49	184	187
3078	49	180	183
3077	49	179	179
3075	49	177	177
3074	49	176	177
3086	49	188	189
3081	49	183	191
3073	49	175	177
3045	49	147	145
3046	49	148	147
3044	49	146	145
3048	49	150	149
3049	49	151	151
3047	49	149	151
3043	49	145	151
3042	49	144	151
3052	49	154	153
3056	49	158	159
3055	49	157	158
3053	49	155	155
3051	49	153	153
3054	49	156	159
3050	49	152	159
3061	49	163	161
3060	49	162	161
3059	49	161	161
3062	49	164	164
3064	49	166	165
3063	49	165	165
3065	49	167	167
3068	49	170	170
3069	49	171	171
3067	49	169	171
3072	49	174	175
3071	49	173	174
3070	49	172	175
3066	49	168	171
3058	49	160	161
3057	49	159	161
3026	49	128	177
3025	49	127	161
3849	62	132	129
3850	62	133	131
3852	62	135	133
3853	62	136	135
3856	62	139	138
3857	62	140	139
3859	62	142	142
3860	62	143	143
3848	62	131	129
3851	62	134	135
3855	62	138	139
3858	62	141	143
3854	62	137	143
3846	62	129	143
3847	62	130	135
3893	62	178	177
3894	62	179	180
3896	62	181	181
3897	62	182	183
3900	62	185	186
3901	62	186	187
3903	62	188	190
3904	62	189	191
3892	62	177	177
3895	62	180	181
3899	62	184	187
3902	62	187	191
3891	62	176	177
3898	62	183	187
3905	62	175	177
3863	62	147	145
3864	62	148	147
3866	62	150	150
3867	62	151	151
3870	62	154	154
3871	62	155	155
3874	62	158	159
3873	62	157	158
3862	62	146	145
3865	62	149	151
3869	62	153	155
3872	62	156	159
3861	62	145	151
3868	62	152	159
3906	62	144	151
3882	62	166	165
3883	62	167	167
3886	62	170	169
3887	62	171	172
3889	62	173	174
3890	62	174	175
3878	62	162	161
3881	62	165	165
3885	62	169	169
3888	62	172	175
3877	62	161	161
3884	62	168	175
3876	62	160	175
3845	62	128	177
3875	62	159	151
3844	62	127	177
3104	50	143	143
3103	50	142	142
3100	50	139	137
3092	50	131	129
3097	50	136	135
3091	50	130	129
3102	50	141	142
3139	50	178	177
3140	50	179	180
3142	50	181	181
3143	50	182	183
3146	50	185	185
3149	50	188	189
3141	50	180	181
3830	61	178	177
3138	50	177	177
3831	61	179	180
3833	61	181	182
3137	50	176	177
3834	61	182	184
3837	61	185	185
3838	61	186	187
3840	61	188	189
3841	61	189	191
3147	50	186	187
3150	50	189	191
3829	61	177	180
3832	61	180	184
3148	50	187	191
3836	61	184	187
3839	61	187	191
3828	61	176	180
3835	61	183	187
3136	50	175	177
3842	61	175	187
3816	61	163	161
3817	61	164	164
3819	61	166	165
3124	50	163	161
3125	50	164	163
3127	50	166	165
3128	50	167	167
3131	50	170	169
3134	50	173	174
3133	50	172	175
3135	50	174	175
3126	50	165	165
3123	50	162	161
3820	61	167	167
3823	61	170	170
3824	61	171	171
3122	50	161	161
3826	61	173	174
3827	61	174	175
3815	61	162	161
3132	50	171	171
3822	61	169	170
3825	61	172	175
3130	50	169	171
3818	61	165	167
3814	61	161	161
3821	61	168	175
3121	50	160	161
3813	61	160	161
3800	61	147	145
3801	61	148	148
3803	61	150	149
3804	61	151	151
3807	61	154	154
3108	50	147	145
3808	61	155	155
3810	61	157	157
3109	50	148	148
3811	61	158	159
3111	50	150	149
3799	61	146	145
3802	61	149	149
3806	61	153	154
3115	50	154	153
3116	50	155	155
3118	50	157	158
3809	61	156	159
3119	50	158	159
3798	61	145	149
3117	50	156	159
3805	61	152	159
3843	61	144	159
3114	50	153	153
3786	61	132	129
3787	61	133	131
3113	50	152	159
3789	61	135	133
3790	61	136	135
3793	61	139	137
3794	61	140	139
3796	61	142	142
3112	50	151	151
3107	50	146	145
3797	61	143	143
3785	61	131	129
3788	61	134	135
3792	61	138	137
3795	61	141	142
3784	61	130	129
3791	61	137	137
3783	61	129	129
3106	50	145	145
3093	50	132	129
3094	50	133	131
3096	50	135	134
3095	50	134	135
3090	50	129	129
3812	61	159	159
3782	61	128	129
3781	61	127	159
3913	63	133	131
3915	63	135	134
3919	63	139	137
3920	63	140	139
3922	63	142	142
3911	63	131	129
3918	63	138	137
3923	63	143	143
3916	63	136	135
3914	63	134	134
3910	63	130	129
3921	63	141	143
3912	63	132	129
3917	63	137	143
3909	63	129	129
3956	63	178	177
3957	63	179	180
3959	63	181	181
3960	63	182	183
3963	63	185	185
3964	63	186	187
3966	63	188	189
3967	63	189	191
3955	63	177	177
3958	63	180	183
3962	63	184	187
3965	63	187	191
3954	63	176	177
3961	63	183	187
3968	63	175	187
3926	63	147	145
3927	63	148	148
3929	63	150	149
3930	63	151	151
3933	63	154	154
3934	63	155	155
3936	63	157	158
3937	63	158	159
3925	63	146	145
3928	63	149	151
3932	63	153	155
3935	63	156	159
3924	63	145	151
3931	63	152	159
3969	63	144	159
3101	50	140	139
3099	50	138	139
3098	50	137	139
3145	50	184	187
3144	50	183	191
3942	63	163	161
3943	63	164	164
3945	63	166	165
3946	63	167	167
3949	63	170	169
3950	63	171	171
3952	63	173	173
3953	63	174	175
3941	63	162	161
3944	63	165	165
3948	63	169	171
3951	63	172	175
3110	50	149	151
3940	63	161	161
3947	63	168	171
3129	50	168	171
3939	63	160	171
3908	63	128	129
3938	63	159	159
3907	63	127	159
3105	50	144	159
3089	50	128	129
3120	50	159	161
3088	50	127	129
3156	51	132	129
3157	51	133	131
3159	51	135	133
3160	51	136	135
3163	51	139	137
3164	51	140	139
3166	51	142	142
3167	51	143	143
3202	51	178	177
3203	51	179	180
3205	51	181	181
3206	51	182	183
3209	51	185	185
3210	51	186	187
3212	51	188	190
3213	51	189	191
3155	51	131	129
3158	51	134	135
3162	51	138	139
3165	51	141	143
3201	51	177	177
3204	51	180	181
3208	51	184	185
3211	51	187	191
3154	51	130	129
3161	51	137	143
3200	51	176	177
3207	51	183	191
3153	51	129	129
3590	57	188	190
3199	51	175	177
3171	51	147	145
3589	57	187	191
3172	51	148	147
3174	51	150	149
3175	51	151	151
3178	51	154	153
3179	51	155	155
3585	57	183	185
3182	51	158	159
3181	51	157	157
3187	51	163	161
3188	51	164	164
3190	51	166	165
3191	51	167	167
3194	51	170	169
3195	51	171	171
3197	51	173	174
3198	51	174	175
3544	57	142	142
3170	51	146	145
3173	51	149	151
3177	51	153	155
3180	51	156	159
3186	51	162	161
3193	51	169	169
3196	51	172	175
3189	51	165	165
3169	51	145	145
3176	51	152	159
3185	51	161	161
3192	51	168	175
3168	51	144	145
3184	51	160	161
3581	57	179	179
3183	51	159	145
3152	51	128	177
3151	51	127	177
3552	57	150	150
3555	57	153	155
2905	47	133	132
2908	47	136	136
2912	47	140	139
2906	47	134	134
2902	47	130	129
2909	47	137	137
2901	47	129	137
2950	47	178	177
2951	47	179	179
2953	47	181	182
2954	47	182	183
2957	47	185	185
2958	47	186	187
2960	47	188	190
2961	47	189	191
2949	47	177	177
2952	47	180	182
2956	47	184	185
2959	47	187	190
2948	47	176	177
2955	47	183	185
2947	47	175	177
2919	47	147	145
2920	47	148	147
2922	47	150	150
2923	47	151	151
2926	47	154	153
2927	47	155	155
2929	47	157	157
2918	47	146	147
2921	47	149	151
2930	47	158	159
2925	47	153	153
2928	47	156	159
2917	47	145	147
2924	47	152	159
2916	47	144	159
2935	47	163	161
2936	47	164	164
2938	47	166	165
2939	47	167	168
2942	47	170	170
2943	47	171	171
2945	47	173	174
2946	47	174	175
2934	47	162	161
2937	47	165	165
2941	47	169	171
2944	47	172	174
2933	47	161	165
2940	47	168	171
2932	47	160	171
2900	47	128	177
2931	47	159	159
2899	47	127	177
3502	56	163	161
3503	56	164	164
3505	56	166	165
3506	56	167	167
3509	56	170	169
3510	56	171	171
3512	56	173	173
3513	56	174	175
3501	56	162	161
3508	56	169	171
3511	56	172	175
3500	56	161	161
3507	56	168	175
3499	56	160	175
3504	56	165	165
3471	56	132	129
3472	56	133	131
3474	56	135	133
3475	56	136	135
3478	56	139	138
3479	56	140	139
3481	56	142	141
3482	56	143	143
3480	56	141	143
3477	56	138	139
3470	56	131	129
3476	56	137	139
3469	56	130	129
3468	56	129	129
3517	56	178	177
3520	56	181	181
3521	56	182	183
3524	56	185	185
3525	56	186	187
3527	56	188	189
3528	56	189	191
3526	56	187	191
3523	56	184	187
3519	56	180	181
3516	56	177	177
3515	56	176	177
3522	56	183	191
3514	56	175	191
3486	56	147	145
3487	56	148	148
3489	56	150	150
3490	56	151	151
3493	56	154	154
3494	56	155	155
3496	56	157	157
3497	56	158	159
3495	56	156	159
3492	56	153	155
3488	56	149	151
3485	56	146	145
3491	56	152	155
3484	56	145	151
3483	56	144	151
3467	56	128	191
3498	56	159	175
3466	56	127	191
3473	56	134	133
3518	56	179	180
2862	46	153	154
3041	49	143	143
3035	49	137	139
3027	49	129	139
4131	66	163	161
4130	66	162	161
4129	66	161	161
4132	66	164	164
4134	66	166	165
4135	66	167	167
4133	66	165	167
4128	66	160	161
4138	66	170	169
4137	66	169	169
4139	66	171	171
4141	66	173	174
4142	66	174	175
4140	66	172	175
4136	66	168	175
4115	66	147	145
4116	66	148	147
4114	66	146	145
4125	66	157	157
4122	66	154	154
4119	66	151	151
4113	66	145	145
4124	66	156	159
4126	66	158	159
4145	66	178	177
4144	66	177	177
4155	66	188	190
4153	66	186	187
4152	66	185	185
4148	66	181	182
4143	66	176	177
4146	66	179	179
4154	66	187	191
4118	66	150	150
4123	66	155	155
4121	66	153	154
4117	66	149	151
4149	66	182	183
4147	66	180	182
4102	66	133	131
4104	66	135	133
4105	66	136	135
4108	66	139	138
4109	66	140	139
4111	66	142	142
4112	66	143	143
4110	66	141	143
4101	66	132	129
4100	66	131	129
4103	66	134	135
4099	66	130	135
4120	66	152	159
4158	66	144	159
4151	66	184	185
4107	66	138	139
4106	66	137	139
4150	66	183	191
4156	66	189	191
4157	66	175	177
4098	66	129	135
4097	66	128	135
4096	66	127	161
4127	66	159	161
2861	46	152	154
2782	45	136	135
2803	45	157	157
2816	45	170	169
2801	45	155	155
2804	45	158	159
2781	45	135	133
2817	45	171	171
2800	45	154	153
2809	45	163	161
2835	45	189	191
2794	45	148	148
2831	45	185	186
2810	45	164	164
2834	45	188	189
2793	45	147	145
2832	45	186	187
2813	45	167	167
2788	45	142	141
2820	45	174	175
2785	45	139	138
2812	45	166	165
2789	45	143	143
2819	45	173	173
2786	45	140	139
2824	45	178	177
2827	45	181	181
2779	45	133	132
2797	45	151	151
2825	45	179	179
2778	45	132	129
2828	45	182	183
2796	45	150	149
2808	45	162	161
2780	45	134	133
2815	45	169	171
2802	45	156	159
2799	45	153	153
2830	45	184	187
2792	45	146	145
2833	45	187	191
2811	45	165	165
2777	45	131	129
2787	45	141	141
2826	45	180	183
2818	45	172	175
2784	45	138	139
2823	45	177	177
2795	45	149	149
2822	45	176	177
2814	45	168	175
2829	45	183	191
2807	45	161	161
2776	45	130	129
2798	45	152	159
2783	45	137	139
2791	45	145	145
2806	45	160	161
2821	45	175	191
2775	45	129	129
2790	45	144	159
2805	45	159	161
2774	45	128	129
2773	45	127	129
\.

COPY accounts (id, user_id, season_id, amount_paid) FROM stdin;
1	2	1	0
2	7	1	0
3	8	1	0
5	19	1	0
6	28	1	0
7	25	1	0
8	15	1	0
9	10	1	0
11	20	1	0
12	9	1	0
13	27	1	0
14	24	1	0
15	21	1	0
16	16	1	0
17	17	1	0
18	11	1	0
19	14	1	0
20	13	1	0
22	26	1	0
23	22	1	0
24	30	2	0
25	7	2	0
26	9	2	0
27	31	2	0
28	13	2	0
29	2	2	0
30	17	2	0
31	19	2	0
32	22	2	0
33	32	2	0
35	25	2	0
36	28	2	0
37	32	3	10
38	34	3	10
40	8	3	10
41	5	3	10
42	36	3	10
43	10	3	10
44	25	3	10
4	35	1	0
21	34	1	0
34	34	2	0
45	2	3	10
46	28	3	10
47	19	3	10
48	4	3	0
49	17	3	0
50	31	3	10
51	38	3	10
54	6	3	10
57	39	3	0
10	40	1	0
52	33	3	10
53	7	3	10
39	35	3	10
\.

COPY entity_types (id, name) FROM stdin;
1	Blog
2	Message
3	Comment
4	Friendship
5	MovieRating
6	Movie
\.

COPY recent_entity_types (id, entity_type_id) FROM stdin;
1	1
2	2
3	3
4	4
5	6
\.

COPY comments (id, parent_id, "comment", user_id, created_at) FROM stdin;
1	\N	so far so good.   whooooooo, look at that ajax action.	2	2007-05-26 02:05:53+00
2	\N	Whats the difference between this add comment and reply? Are comments front page items? And replies to front specific blogs?	3	2007-05-26 07:20:03+00
3	1	So this is a reply, but what is what? I am slightly confused. Also you need some RSS	3	2007-05-26 07:20:44+00
4	2	i meant them to mean "brand new root comment" and "reply to this specific comment."  is a simple "reply" for both situations is less confusing?	2	2007-05-26 11:51:29+00
5	3	i read up on rss.  it sounded a lot more difficult than i had thought.  you know a good tutorial?  i was eventually going to add a "what's new with my friends" thing where it lists things you subscribe to and highlights new stuff.  if i did rss, you and i would be the only ones to use it.	2	2007-05-26 11:54:09+00
6	4	Maybe the top as "reply to blog" and the others are "reply to this comment" or some other such, or perhaps if they weren't done as buttons but rather as link text and more inline with in the thing it might be more indicative to me	3	2007-05-26 23:22:52+00
7	5	Ohh, like there is anyone else using anything anyway, there are I believe some fairly easy RSSing of the rails woohaaa, but a view/controller/page that one could load that showed all ones friends recent changes and recent comments and recent replies to comments could be handy	3	2007-05-26 23:24:24+00
8	\N	Yeah, so does it need such a short login session timeout?	3	2007-05-28 11:06:10+00
9	8	i set it to 2 hours.  you think that's too short?	2	2007-05-29 13:51:53+00
10	\N	couldn't resist could you?  i can't believe you spent money on something that didn't go towards the resale value of your house.  you're just throwing your money away.  it's amazing how you have any money at all with your self-control issues.  is this a reward for painting your house or something?	2	2007-05-29 13:59:21+00
11	10	Oh we bitched and moaned for ever over it and more, decided to wait a bit on doing some other resale value increasing improvements and instead treat ourselves\n<br/>\nThe final straw was my non technical, non gaming sister complaining that wiiing on the 27 was somewhat less than satisfying 	3	2007-05-29 15:13:55+00
12	9	Yes, 12 hours at least, I only check in twice a day and it hurts to login every time then I load the page, especially when the sidebar says I am logged in Surly Stuka, yet loading the friends page to load the blog page says I am not	3	2007-05-29 15:15:18+00
13	12	This is the most boring blog I think I have ever read.  	25	2007-05-30 20:01:44+00
14	13	Then you  haven't been on the internets long, cause that is how all of them are	3	2007-05-31 06:13:41+00
15	\N	in a few days you can sell feniks.  that ought to stretch out the wii habit for a while.	2	2007-06-08 00:26:24+00
16	15	Doubtful, that shiz aint never gunna be ordrd, and evun if I do getz it, and da sale, that poop gots to bye me up sum odda jaz	3	2007-06-08 13:16:28+00
17	16	i'm going through rails withdrawal.  no, that doesn't mean i want to work on klappr.	2	2007-06-08 14:28:39+00
18	17	Well according to my lack of sources, it doesn't look like that new one is anywhere in the system, so that gives monday at the best before purchasing does something, which then gives a week for A to kit and ship, which then means best case maybe the 21st before new rails ready boxen, unless you want to just get it over with and put it on there\n\nI would suggest darwinports, then port install ruby, then port install gems and gem install rails or something worked fairly well for me	3	2007-06-08 21:37:22+00
19	\N	$18 for a t-shirt with a few words on it?	2	2007-06-12 13:28:22+00
20	19	Yes, but they are key words	3	2007-06-12 19:44:10+00
21	\N	that's my homeboy.	2	2007-06-12 21:22:55+00
22	\N	That sounds dorky	3	2007-06-20 18:24:36+00
23	\N	why does it say paper jam?<br><br>i've spent hours and hours getting this site to where it is.  while it might not look like much now, it was a lot of work, and i couldn't have done it without jeff and stuart.  so thanks guys.	2	2007-02-28 05:08:56+00
25	24	sugar momma<br><br>Not blood likely\n<br/>\n<a href="http://www.flickr.com/photos/surlystuka/415809022/" title="Rice Bowl"><img src="http://farm1.static.flickr.com/158/415809022_61c06b6c04_t.jpg" width="100" height="72" alt="Drawings" /></a>	3	2007-03-13 00:44:58+00
24	\N	sugar momma<br><br>i thought YOU were STUART'S sugar momma???	2	2007-03-12 22:38:50+00
27	26	cox<br><br>I may have mentioned it and then she might have agreed or something\n	3	2007-03-13 02:30:09+00
26	\N	cox<br><br>did stuart tell you that he reminded me of dr cox, or did you come up with that on your own?	2	2007-03-13 01:15:27+00
28	\N	aloooo....zeerrrrr<br><br>you bet your pooper shoot it was for real, ghandi.	2	2007-03-12 22:42:54+00
29	\N	Password<br><br>i think he's incompetent too.	2	2007-03-15 04:43:29+00
30	\N	But but<br><br>what about my butter and chips, where are the winnings....	3	2007-03-15 16:26:43+00
31	\N	hey, ken, are you playing?<br><br>I am not playing, but I am beating this ten cent foolio, take that madnesses of march	3	2007-03-15 21:45:51+00
32	\N	2007 march madness pay structure<br><br>What of those pair in last, that didn't seem to pick anything? Do they count as last?	3	2007-03-16 19:16:43+00
34	33	don't you remember?<br><br>i seem to recall the last time you thought things were "not looking so good for jared" i came back and won it all.	2	2007-03-16 18:28:30+00
33	\N	Hoyas<br><br>Georgetown has a tough road to overcome! Their inexperience will show down the road.  Georgetown has the same chances of winning as Jared's chances of winning this pool - Not so good.  	5	2007-03-16 13:55:20+00
36	35	This scares me more<br><br>And by that I mean, the threat of clogged arteries from all that salt and cheese after sitting and watching the games all day \n\noh wait, I wont do that 	3	2007-03-16 15:22:45+00
35	\N	This scares me more<br><br><a href="http://www.flickr.com/photos/surlystuka/422480895/" title="Mister Salty"><img src="http://farm1.static.flickr.com/164/422480895_fb05ae2f61_m.jpg" width="240" height="180" alt="Mister salty" /></a>	3	2007-03-16 15:15:35+00
37	\N	sleepy warrior<br><br>I can see why there are infinite tickets available for that sappy human interest story	3	2007-03-21 12:33:01+00
39	38	doppleganger<br><br>although i take full blame in the clerical error, no one asked jared to switch the names. everyone was quite content with the way things were.  so i agree, it does make one wonder what he has done to other brackets. and what does doppleganger mean? does it have anything to do with being gorgy? 	25	2007-03-23 02:16:18+00
38	\N	doppleganger<br><br>hold on just a minute, if you are going around switching that and let people win by them agreeing to give you a cut of the winnings how is it that I don't know you didn't mess up my bracket and make all my scores different in the wrong, or where is my bracket at all stephanie	3	2007-03-22 18:46:34+00
40	\N	Aggies<br><br>the suckiest 	3	2007-03-23 23:09:13+00
41	\N	typical<br><br>as usual, i have you dominated, and you get lucky and beat me on the river.	2	2007-03-26 01:51:57+00
43	42	the prophet<br><br>Thank you Uncle J. Maybe Oregon didn't win b/c I wasn't wearing their school colors or b/c I don't know how yet to quack like a duck. Love/Miss you lots.\n~Cece	4	2007-03-26 20:24:49+00
42	\N	the prophet<br><br>please also note that cece was one ugly, annoying frenchman away from the only perfect <a href="http://ordinaryzelig.org/pool/brackets/31?region_order=1&season_id=3">final 4</a>.  thank you very much.	2	2007-03-26 17:03:35+00
44	\N	and i'm spent.<br><br>hey bitch i have all my final four pics correct. thank you very much. \n\ncaroline, love ya, but you're going down. 	25	2007-03-26 22:41:44+00
45	\N	and i'm spent.<br><br>Well at least I am like around the 3 spot, not too bad for just randomly clicking on things on this website	3	2007-03-27 17:10:09+00
46	\N	and i'm spent.<br><br>Well, at least I've distinguished myself in some way and got a shout out in the post.	7	2007-03-31 02:52:08+00
47	\N	a sanjaya season: technically, it's not over, but c'mon, it's over.<br><br>man, it's depressing when no matter how you score my bracket, i'm still second to last, the worst possible spot.  at least B gets his money back.  And what's up with Adler family domination? 	7	2007-04-01 21:23:44+00
49	48	how did i not think of it?<br><br>maybe stuart should get the sanjaya award.  he's sportin the look.	2	2007-04-02 13:57:20+00
48	\N	looks better to me<br><br>scoring as things are now, since it keeps me towards the top, it favors my random clicking	3	2007-04-02 11:11:56+00
50	\N	booo, but ok<br><br><p>as much as it pains me, i want florida to lose more than i want you to lose, so i'm going for ohio state too.  it will hurt handing over the money, but i'll just look at it like i'm paying $50 to make florida lose.  a small price to pay.  plus it's not my money.  ha.</p>\n\n<p>i think we should play wii all day friday.  i need the exercise.</p>	2	2007-04-02 23:16:33+00
52	51	bring them to oz<br><br>Well, I would suggest something along the lines to highlight or otherwise draw attention to new posts for logged in posts, especially with lots of threading	3	2007-04-05 14:07:50+00
51	\N	bring them to oz<br><br>haven't you learned anything yet?  <i>you have to bring the technology to the user.</i>  i'm going to be the firefox of online friendspace thingsters.	2	2007-04-05 13:58:19+00
54	53	ups?  brilliant!<br><br>seriously. 	25	2007-04-16 19:41:42+00
53	\N	ups?  brilliant!<br><br>seriosly.	25	2007-04-16 17:31:28+00
55	\N	living to 100<br><br>Well you beat me, I only get 74, that still means I got like 47 years of this crap left	3	2007-04-11 22:34:17+00
56	\N	hardcore mario<br><br>I don't think that profanity was needed	3	2007-04-13 08:47:41+00
57	\N	hardcore jackass<br><br> here I was minding my own business, needing something to read, and decided, lets see if jared is blogging on his website. and to my dismay i find out that i've been insulted behind my back.  so i don't know how to do fractions. i've gotten along just fine in my life without knowing how to mulitply/divide/find the square root/ or add fractions.  and before you make some snide comment about teaching the future...this is why i teach 5 year olds. they are not expected to work with fractions. but i bet my kids read on a higher level than you do! ha!\n\nps. your link doesn't work. 	25	2007-04-16 17:30:13+00
58	\N	I'M PUBLISHED!!!!!!<br><br>I always wondered what type of people watched for those things, and then felt the need to tell the internet about the mistakes, now I know	3	2007-04-25 06:19:29+00
59	\N	it's coming<br><br><p>yes, i'm at mr sandman, remember?  he's a cheating bitch though.  dude can through 3 uppercuts without warning.</p>\n<p>i got a bunch of new stuff coming.  i just don't feel they are ready yet.  blogs, better friend support, comments system, what's new..., stupid little calendar.  it's all coming soon.</p>	2	2007-05-22 22:30:35+00
60	\N	blog it up<br><br>Who, do you think, is going to come in here and steal someone's personal information? what are they going to steal someone's 2004 pics? 	25	2007-05-27 16:00:41+00
61	\N	USA, USA<br><br>We are the masters of the universe now	3	2007-05-29 06:32:20+00
62	\N	why can't you have both?	2	2007-06-21 00:14:36+00
63	62	Life demands sacrifice and choice 	3	2007-06-21 05:58:25+00
64	\N	Well, a cool phone\n\nps- you seem to be stripping a bit too much on the message board index page	3	2007-06-30 14:23:49+00
65	64	it's not that i'm stripping too much, it's that i have to html_escape it.  if i didn't, it would mess up everything else.  do you know how to guarantee that any html inside an area will not mess up anything outside it?	2	2007-06-30 14:54:33+00
66	65	Well you might have to do some custom sanitizing. Or only do it if the user is not you	3	2007-07-01 08:32:06+00
67	\N	It is still better than sliced bread now that the honeymoon has worn off?	3	2007-07-01 08:32:22+00
68	67	are you kidding me?  we were at it all night.	2	2007-07-01 09:07:39+00
69	65	Another option is to look into allowing some formatting with the likes of markdown, textile, or other such, does some simple things that might not bork your layout, as the user don't enter html	3	2007-07-01 11:09:46+00
70	69	yuck. maybe I'll just remove the tags.	2	2007-07-01 17:00:11+00
71	\N	speedos are cool	3	2007-07-03 17:22:08+00
72	\N	4 words: sug-ar ma-ma.	2	2007-07-06 22:41:54+00
73	72	It just still doesn't do enough of what I want. After the first or second software update maybe. I mean, no copy-n-paste? No bluetooh syncing. I can't drag that cable around with me everywhere. No filesystem access I want to use that 8gb as a drive if I need to xfer files or pull out pics manually. No bluetooth network pairing. I can't tell you how many times I have been without wifi or other real internet and instead paired with my phone and used the EDGE connection then on the laptop, yes it is really slow, but in a pinch that is what you need sometimes. And no, I don't just want to use it on the phone, the laptop has a bigger screen for a reason	3	2007-07-07 07:55:06+00
74	\N	i saw that.  useful tip.  some of the keys are smart by themselves.  like single quote always goes back to letters as soon as you press it.  i bet they'll come out with more of those.  and if you're entering a zipcode in a form, it defaults to numbers.  i love the whole fact that a lot can be improved with software.	2	2007-07-07 21:14:37+00
75	74	that is the plus and the major theory circulating, there probably won't be a new physical iphone for awhile hardware wise, instead it'll just be a series of sofware updates\n<br/>\nWhich is good and bad. Good that updates would be easy, but I wonder how much OS X 2 for iphone will cost. Bad cause I would like to see GPS and and more storage in there	3	2007-07-08 08:04:54+00
76	75	i'll be pissed if i have to pay for another OS.  that's not going to sit well with customers.  most people probably don't even know that there is an operating system in there.  they're going to be shocked when they hear they have to upgrade it like they do windows.  do other smart phones even have/charge for major updates?	2	2007-07-08 09:04:30+00
77	76	I don't think I have heard of paid for updates for smartphones. There are new releases of the other OSes, symbian and windows mobile, but they usually are only obtained via buying a new phone. Apple likes to pave the new way in things, so say hello to $129 for OS X 10.2 or 10.5 or what ever they started it at	3	2007-07-08 12:52:21+00
78	\N	Yeah, I can't wait til I get you over that 200 limit. I also thought of another horrid short coming of that thing the other day, but can't remember it now	3	2007-07-11 19:22:04+00
79	\N	Great Kid, don't get cocky	3	2007-07-12 11:41:55+00
80	79	it's way too late for that.  and i think you meant to use the word alas, dumbass. 	25	2007-07-14 21:13:48+00
81	80	He does think he is the pope of cell phone town doesn't he	3	2007-07-15 07:14:03+00
82	\N	sounds like you need an occupational hypnotherapist.	2	2007-07-18 11:40:21+00
83	82	can that just sort of zonk me out so when I come I think I have been fishing all day? Although maybe I wold rather think I had been drinking beer all day	3	2007-07-18 17:25:36+00
84	83	well, that's not really what i do, stuart.	2	2007-07-19 09:15:36+00
85	84	What is it, you'd say you do here then	3	2007-07-19 22:10:48+00
86	85	whatever it is, it takes 2 hours to get it done. 	25	2007-07-19 22:51:58+00
87	86	slow and steady wins the race	3	2007-07-20 05:55:41+00
88	\N	good story. new socks are nice. ask your fashionable half to buy you some new clothes too. i do believe your current threads hit their life expectancy in 1992.	2	2007-07-21 11:49:55+00
89	88	look who's talking. 	25	2007-07-21 14:11:15+00
90	89	that's funny considering SOMEBODY likes to wear my clothes.	2	2007-07-21 14:33:34+00
91	88	Your are just jealous of those short shorts of mine	3	2007-07-21 22:45:59+00
92	\N	well you are a jerk, so you would fit in perfect, just don't get mugged for that silly little phone	3	2007-07-31 17:14:16+00
93	\N	D'OH	2	2007-08-05 09:17:25+00
94	93	Tell me about it, last payment, new tires, fresh set of tires, full tank of gas and I wasn't even driving. It is only stuff and the important thing is no one was hurt	3	2007-08-06 06:13:25+00
95	94	that just sucks stuart. sorry.  how did it happen? 	25	2007-08-06 10:35:34+00
96	95	Arlena was heading south on may in the outside lane, the inside southbound lane was stopped due to someone turing left, someone going north turned left between the stopped south bound cars, but didn't see arlena in the outside lane, so turned right in front and across her, she hit other guys passenger rear, just at/behind the wheel well against the maxima's front passenger side	3	2007-08-06 12:24:31+00
97	\N	So the adjustor guy just stopped by, passenger airbag (which deployed) alone costs $1200 (probably around the same for the driver), to replace seat belts cost $250 each (both the fronts need them), That is nearly $3000 for repairs and we haven't even gotten to the smashed hood, screwed radiator and other engine parts, fubared bumper & front quarter panel, and probable bent frame. Now I have to wait-n-see what their next call/move is	3	2007-08-06 13:11:56+00
98	97	ugh. it keeps getting worse.  were you in the car when it happened?  so was it arlena's "fault" or did the other guy get the ticket? 	25	2007-08-06 16:59:53+00
99	98	I wasn't in the car, she had just borrowed mine, I got the frantic phone call from her about the wreck, not fun. The other driver was at fault, no ticket, and it is all going against his insurance.	3	2007-08-06 21:45:47+00
100	\N	Oh it gets much worse, got a voice mail that I need to return in the morning now. The department I am call...? Is the Total Loss Division, yeah so say goodbye to the old maxima	3	2007-08-06 21:46:46+00
101	100	Yep, they are totaling it. I have to agree on an amount now (try to haggle them up, I mean I did just put on a couple hundred worth of new tires and nearly $40 for a full tank of gas)<br/> and then it is off car shopping, what is good these days?	3	2007-08-07 08:19:30+00
102	101	are they from tatooine?  they won't give you shit for your speeder.  this could be your chance to get a prius.	2	2007-08-07 09:31:25+00
103	102	Aye, I could try to wing a prius, they are offering me a fairly decent value, but I would like more	3	2007-08-07 10:08:18+00
104	103	i hear hondas are the best!	25	2007-08-07 10:11:14+00
105	104	Yeah, but those honda commercials scare me, that cartoon character gets all up in my face and it doesn't sit well with me	3	2007-08-07 13:08:21+00
106	105	i have no idea what you are talking about. 	25	2007-08-07 17:20:13+00
107	106	Yeah, it was a commercial a few years back	3	2007-08-07 20:33:36+00
108	104	I am leaning towards an infiniti right now, of the G35 variety, but we'll see. What ever I find I have to make sure it fits in my garage	3	2007-08-08 16:38:52+00
109	108	a new infiniti? those are fancy schmancy.  	25	2007-08-08 17:52:34+00
110	109	Not a new one, as in brand new, can't afford that, but new to me looks good	3	2007-08-08 17:56:47+00
111	\N	Hmm, I have always managed to get all of it off	3	2007-08-09 06:13:50+00
112	111	it's so tough being jared sometimes. 	25	2007-08-09 10:13:54+00
113	112	Oh, I would imagine it is tough all the time	3	2007-08-09 17:00:41+00
114	113	Stuart, did you listen to Avenue Q yet?  	25	2007-08-09 22:10:07+00
115	113	it sucka sucka sucka sucka sucka sucka to be me.	2	2007-08-09 22:10:17+00
116	114	Jared mentioned something about it, but I haven't had a chance to plop my lazy but down in front of the old tape deck and listen	3	2007-08-10 06:21:36+00
117	116	The sun is shining,<br>\nIt's a lovely day,<br>\nA perfect morning<br>\nFor a kid to play,<br>\nBut you're got lots<br>\nOf bills to pay -<br>\nWhat can you do?<br>\n<br>\nYour work real hard<br>\nAnd the pay's real low<br>\nAnd ev'ry hour<br>\nGoes oh, so slow<br>\nAnd at the end of the day<br>\nThere's no where to go<br>\nBut home to Avenue Q!<br>	2	2007-08-10 10:55:12+00
118	117	Yeah, but the internet is for porn, like sweaty asians</br> -note to known informed you kind of had to be there	3	2007-08-10 21:14:47+00
119	\N	booo, arbors.  yea, doing absolutely nothing and having it be everything i thought it could be.	2	2007-08-13 20:30:15+00
120	119	could just zonk you out so you think you've been apartmenting all night	3	2007-08-13 21:38:35+00
121	\N	What are you going to do???	25	2007-08-14 17:42:10+00
122	121	Well clearly my only option is not to buy a new car and instead use my settlement monies to stock pile bears at current rates	3	2007-08-14 21:30:41+00
123	122	you do like the stale ones.  or you could use this as a good excuse to cut down on gummi bear consumption, which al gore clearly states is the leading cause of global fatting.	2	2007-08-14 21:59:27+00
124	123	Ha, me cut back at anything, never	3	2007-08-15 06:12:50+00
125	\N	You just like monkies	3	2007-08-15 06:19:29+00
126	\N	Oh and I could facespace or twitterbook, but the whole point of those stupid things is either to be a predator or be all social with internet friends and loads of crap like that, I don't even like real life friends	3	2007-08-15 06:20:38+00
127	\N	Oh you poor iphone missing some standard functionality\n<br/>\nWhere is that update already adding worthwhile things to that POS. Probably not until sometime into '08	3	2007-08-15 06:32:02+00
128	\N	hanging my head in shame	3	2007-08-15 15:29:41+00
129	\N	this people have too much time on their hands and should volunteer at habitat for humanity to give something useful back to humanity	3	2007-08-21 06:09:09+00
130	129	i wonder how much justine volunteers her time to the good of humanity? 	25	2007-08-22 20:26:29.550305+00
131	130	bah, no one does anything for the good of anybody except themselves 	3	2007-08-22 21:53:26.850873+00
132	\N	Yeah, well watching those guys cost me 50% or more	3	2007-08-24 06:02:40.764975+00
133	132	who said good entertainment was free?  i mean, look at the way they live.  they have to pay the bills somehow.	2	2007-08-24 08:02:28.59934+00
134	133	Drugs, its all about drugs, ex and rock-n-roll	3	2007-08-24 17:40:51.946511+00
135	\N	wii it up.	2	2007-08-24 23:27:18.746458+00
136	135	bah, same three games I have had since I bought the damn thing, I still haven't even finished stupid zelda,  hate that lady	3	2007-08-25 10:26:52.044261+00
137	\N	why so blue stuart? 	25	2007-08-25 13:23:13.072772+00
138	137	Thats just the way I ride	3	2007-08-25 18:16:33.142686+00
139	\N	spent all day working on oz and watching the dirty jobs marathon.  quite a relaxing yet productive and educational day.	2	2007-09-03 22:23:07.01094+00
140	139	Mike Rowe & the jobs rock, that show gets a spot in the weekly pvr/dvr listing	3	2007-09-04 17:17:36.111808+00
141	\N	that does sound stupid.  isn't it obvious that apple is more successful BECAUSE they're more lax?	2	2007-09-04 20:45:10.191174+00
142	\N	Yeah, well even with the price drop I can't get one, stupid responsible me, argh	3	2007-09-05 22:30:52.921624+00
143	\N	<a href="http://www.apple.com/hotnews/openiphoneletter/">oh, snap!</a>	2	2007-09-06 16:36:35.01096+00
144	143	Yeah, now you can um, order, err, a umm, shuffle, yeah, thats it a shuffle	3	2007-09-06 17:56:07.351192+00
145	144	i was actually thinking a nice set of earphones.  although, my ears are so fucked up, i'm not sure it's wise to spend so much on something that might be useless.  maybe i'll put a down payment on an apple TV.  maybe a little NWN2.  yeah, bad idea.	2	2007-09-06 20:39:37.407116+00
146	145	Oh I hear nwn2 blows/ed\n<br/>\nBut a down payment on something else, that is how they get you, they know giving out $100 GC will really just mean people buy things for $200, $300 or more and they still make another couple hundred of the peoples. What you could do is be a pal and get with Chris & Pat and someone else and then buy me an iphone	3	2007-09-06 22:04:52.886437+00
147	146	good idea.  i'll get right on that.	2	2007-09-06 22:51:03.255305+00
148	147	I then realized technically my CC bought at least 1 iphone (maybe two I can't remember now), so then, your guys 300 worth of credit and I try to swindle the 100 credit from my purchase adds up $400, snap an iphone and missses can't say anything about it cause it would be free to me then	3	2007-09-07 06:37:23.340279+00
\.

COPY comment_groups (id, entity_type, entity_id, root_comment_id) FROM stdin;
1	Blog	1	1
2	Blog	1	2
3	Blog	1	8
4	Blog	2	10
5	Blog	3	15
6	Blog	5	19
7	Blog	6	21
8	Blog	7	22
9	Message	1	23
10	Message	6	24
11	Message	6	26
12	Message	7	28
13	Message	13	29
14	Message	15	30
15	Message	17	31
16	Message	20	32
17	Message	21	33
18	Message	19	35
19	Message	31	37
20	Message	33	38
21	Message	36	40
22	Message	38	41
23	Message	39	42
24	Message	39	44
25	Message	39	45
26	Message	39	46
27	Message	53	47
28	Message	53	48
29	Message	55	50
30	Message	70	51
31	Message	73	53
32	Message	75	55
33	Message	77	56
34	Message	77	57
35	Message	84	58
36	Message	86	59
37	Message	91	60
38	Message	97	61
39	Blog	7	62
40	Message	99	64
41	Message	99	67
42	Blog	12	71
43	Blog	16	72
44	Blog	17	74
45	Blog	18	78
46	Blog	18	79
47	Blog	19	82
48	Blog	20	88
49	Blog	21	92
50	Blog	22	93
51	Blog	22	97
52	Blog	22	100
53	Blog	23	111
54	Blog	25	119
55	Blog	26	121
56	Blog	28	125
57	Blog	28	126
58	Blog	27	127
59	Blog	29	128
60	Blog	30	129
61	Blog	31	132
62	Blog	32	135
63	Blog	32	137
64	Blog	33	139
65	Blog	34	141
66	Blog	35	142
67	Blog	35	143
\.

COPY messages (id, parent_id, subject, body, posted_by_user_id, posted_at) FROM stdin;
1	\N	welcome	so, this is my website.  it's a little bare, but it's also a bit ajaxy, so that nice.  hope you like it.	2	2007-02-28 04:33:10+00
2	\N	where's the madness?	the march madness part of my site is almost ready.  i have a few things to do before i release the hounds, but rest assured it is my priority as selection sunday is VERY close.	2	2007-02-28 04:39:18+00
4	\N	babes for john	john suggested i put some babes on my website to make it "more pleasing to the eye."  since it's his birthday today, <a href='http://www.imdb.com/gallery/ss/0285403/2SCRawN04.jpg.html?path=pgallery&path_key=Reyes%2C%20Judy%20(II)&seq=31'>here you go turkleton</a>	2	2007-02-28 21:08:29+00
5	\N	you got lucky	george mason was THIS close to being in the tournament again this year.  i would like to point out that cece had ohio state losing to george mason last year in the <a href="http://ordinaryzelig.org/pool/brackets/31?bracket_num=1&region_order=1&season_id=2">final four</a>.  so no george mason standing in the way may mean trouble for everybody.  it looks like there are some damn cute mascots that are highly ranked!  forget florida repeating.  the only repeat this year is going to be by the prophet.	2	2007-03-12 05:50:24+00
6	\N	WTF?!	Hey ten center, why they hell do you have a turkleton? I've watched scrubs, he and JD are OBVIOUSLY closet gay :) But, i would soooo say Stuart would be a dr. cox.\r\n\r\nI LOVE your website so far--good job!\r\n\r\nI look foward to watching someone else win my (and by my i mean stuart's) money.\r\n:)	8	2007-03-12 13:00:04+00
7	\N	poker night	I could have sworn that last night's poker match was a horrific dream.  I mean, Jared won, "he beat me, straight up, give him his money."  I guess it's true when they say that a sun shines on a dog's pooper shoot every once in awhile.  Yes, Jared.  You are like a dog's pooper shoot.  BTW, thanks for the babe's link and I do not look like Turk.    	5	2007-03-12 14:46:03+00
13	\N	Password	What the F@!? kind of password did you pick for me?  Apparently my husband can't pick a decent one for me.	36	2007-03-15 04:25:56+00
15	\N	instant gratification	normally, i'd be sitting right by my computer to update the master bracket pics for the <a href="http://ordinaryzelig.org/pool/standings">pool standings</a>.  unfortunately, i have a dentist appointment right about the time the first 3 games should end.  so you'll have to wait an hour or so for the very first results to come out.  after that, though, they should come out as soon as the games end.	2	2007-03-15 13:54:22+00
17	\N	hey, ken, are you playing?	hahaha.  i know, right now, i'm not one to talk, but donna and david don't even have brackets and you're tied with them.	2	2007-03-15 20:45:21+00
20	\N	2007 march madness pay structure	<table>\n  <tr><th>1st:</th><td>$130</td></tr>\n  <tr><th>2nd:</th><td>$50</td></tr>\n  <tr><th>last:</th><td>$10</td></tr>\n</table>	2	2007-03-16 03:44:15+00
21	\N	Go Hoyas!	G'Town is gonna win it all!!!	6	2007-03-16 04:04:08+00
19	\N	be afraid.  be very afraid.	<style>\r\n  #mascots td{text-align: center; vertical-align: top; padding: 5mm;}\r\n</style>\r\nhere's how cece plans on defending her title.  all high seeds.  pretty strong bracket if you ask me.\r\n<table id="mascots">\r\n  <tr>\r\n    <td>\r\n      <h3>fighting duck (3)</h3>\r\n      <h5>oregon (midwest region and national champion)</h5>\r\n      <a href="http://www.flickr.com/photos/12644185@N00/422494599/" title="Photo Sharing"><img src="http://farm1.static.flickr.com/131/422494599_fb46233672_m.jpg" width="240" height="160" alt="fighting duck" /></a>\r\n    </td>\r\n    <td>\r\n      <h3>jack the bulldog (2)</h3>\r\n      <h5>georgetown (east region)</h5>\r\n      <a href="http://www.flickr.com/photos/12644185@N00/422494587/" title="Photo Sharing"><img src="http://farm1.static.flickr.com/161/422494587_c019e97e70_m.jpg" width="190" height="240" alt="jack the bulldog" /></a>\r\n    </td>\r\n  </tr>\r\n  <tr>\r\n    <td>\r\n      <h3>joe bruin (2)</h3>\r\n      <h5>ucla (west region)</h5>\r\n      <a href="http://www.flickr.com/photos/12644185@N00/422494612/" title="Photo Sharing"><img src="http://farm1.static.flickr.com/175/422494612_7ef4a1934c_m.jpg" width="144" height="196" alt="joe bruin" /></a>\r\n    </td>\r\n    <td>\r\n      <h3>brutus (1)</h3>\r\n      <h5>ohio state (south region)</h5>\r\n      <a href="http://www.flickr.com/photos/12644185@N00/422494592/" title="Photo Sharing"><img src="http://farm1.static.flickr.com/173/422494592_878b4237af_o.gif" width="125" height="314" alt="brutus" /></a>\r\n    </td>\r\n  </tr>\r\n  <tr>\r\n    <td colspan=2>\r\n      <h5>and just wait until western kentucky gets in the tournament<br></h5>\r\n      <a href="http://www.flickr.com/photos/12644185@N00/422494615/" title="Photo Sharing"><img src="http://farm1.static.flickr.com/124/422494615_3b633001f2_m.jpg" width="160" height="240" alt="big red" /></a>\r\n    </td>\r\n  </tr>\r\n</table>	2	2007-03-16 00:50:00+00
24	\N	Current Leader	Nice Job, Carol!  Good luck today.	5	2007-03-16 14:00:18+00
28	\N	7-10 split.  so what?	<p>unlv just beat georgia tech, a 7 seed over a 10 seed.  surprisingly, only 2 people <a href="http://ordinaryzelig.org/pool/game_pics/142">picked unlv over georgia tech</a> (that's where the "see all pics" link takes you in the brackets).  and those 2 people are now in first place.</p>\r\n\r\n<p>i have a feeling the games tonight will be more exciting and topsy-turvy since we didn't get much of that last night.  either way, we now have a tournament without duke or gonzaga, so that's nice.</p>	2	2007-03-16 18:56:46+00
30	\N	Last place	Does last place person get their money back? It's not looking good Mister-second-place-last-year-who-lost-to-your-own-daughter.	4	2007-03-17 04:05:09+00
31	\N	peaceful warrior	apparently i have 10 tickets (really infinite) to watch <a href="http://www.imdb.com/title/tt0438315/">peaceful warrior</a> at amc quail for the weekend of march 30.  i don't know anything about it, but it's free.  if you're interested, let me know.	2	2007-03-20 22:28:44+00
33	\N	doppleganger	before anybody freaks out, i switched carol's and THE MOTHER's brackets but just in name.  it was a clerical error by stephanie, so blame her.  but nothing else has changed.	2	2007-03-22 16:36:04+00
36	\N	Aggies	How about those Aggies? Hahaha... suckers!	5	2007-03-23 14:17:35+00
38	\N	Ten Cent Who?	Hey Jared, Look who just past who in the standings.  Haha... Loser!	5	2007-03-26 01:23:13+00
39	\N	and i'm spent.	<p>i have no more pics left.  this season didn't have as many upsets as last year.  yes, last year set the bar high, but for this kind of season, it's surprising how even keel it has been.  at any rate...</p>\n<p>congratulations, caroline.  you are the only player with all final 4 pics correct.  except you picked florida to win it all, so boooo!</p>\n<p>sorry, allaire.  you are the only player with no final 4 pics.</p>\n<p>nguyen, you may get your money back for the 2nd time in 3 years.  good luck!</p>\n<p>even though it's over for me, i think this final 4 is going to be really good to watch.  gtown vs osu looks like a good matchup.  and i'll definitely enjoy watching anybody beat florida.</p>\n<dl>\n   <dt>for your enjoyment</dt>\n   <dd><a href="http://www.youtube.com/watch?v=P5T6RFE3XVo">http://www.youtube.com/watch?v=P5T6RFE3XVo</a></dd>\n   <dd><a href="http://www.youtube.com/watch?v=GianETEHqhk">http://www.youtube.com/watch?v=GianETEHqhk</a></dd>\n</dl>	2	2007-03-26 01:50:51+00
52	\N	Plug for my bro's video	(For those of you on my email and myspace, sorry for repeating this!)\r\n\r\nHey everyone, \r\n \r\nHere is the link to my brother Alex's TurboTax Rap video.  It's a contest and he could win $25,000.  And you can have a good chuckle!\r\n\r\nIt would be awesome if you would all vote for him and pass the link along to your friends!\r\n \r\nThanks so much!\r\n \r\nAllaire\r\n \r\nhttp://www.youtube.com/contest/TheTaxRap&results_all=true?goto=227	7	2007-03-31 02:54:49+00
53	\N	a sanjaya season: technically, it's not over, but c'mon, it's over.	<p>i'm sure what will be going through sanjaya's mind when he eventually gets voted off is what it would be like if he were being judged on different criteria other than the criteria he's actually being judged on -- singing.  fortunately, in oz, you can.  you can see how well your bracket would've done if we were using scoring systems of some other sites.  go to the <a href="http://ordinaryzelig.org/pool/standings">standings</a>, change the scoring system, and dream on.  (if you know of any scoring systems that you'd like to simulate, let me know.)</p>\n\n<p>now that you've seen the results, i'd like to present the very first annual sanjaya malakar award to john meyer, aka JoJoMe.  yes, you did well in the other systems, but they don't count.  maybe next year the sanjaya award recipient will get their money back.  but probably not.  congratulations.  it's ironic that you won this award when it clearly should've gone to stephanie, but hey, we're obviously not judging on hair.  and before you give me the william hung award, i'd like to say that that is just mean and racist.</p>\n\n<p>my scoring system obviously rewards players who correctly pick upsets if they happen.  someone asked me to see how a bracket would do if it were composed of only upsets (naturally this request came from a person who was at the bottom of the standings 2 years in a row), so i did.</p>\n\n<p>this year, all upsets would result in only 5 correct pics, all in the first round, totalling only 49 points.  but this year upsets were sparse.</p>\n\n<p>last year, however, picking all upsets would result in 10 correct pics totalling 128 points.  the only upset that wasn't in the first round was bradley.  interestingly enough, picking all upsets wouldn't have even gotten last place:  2 people did worse than that.  what's funny is that the <strong style="font-size: 125%;">adler women</strong> were those 2.  yes, this year paints quite a different picture, but theoretically, if someone had picked only upsets in the first round, picked bradley, and then just quit, that would have been enough to beat the adler women.  almost as embarrassing as getting beat by them, ever.</p>\n\n<p>i'm open to discussion on scoring systems, suggestions, criticisms, etc.  as a cubs fan, i've already started thinking about next year.</p>\n\n<h2>thanks for playing everybody.</h2>	2	2007-04-01 19:23:34+00
55	\N	gpo ohio	is all i gots to be saying, ps i typed this one letter at a time by pointing my wiimote. it rocks the socks	3	2007-04-02 03:06:57+00
70	\N	Jared On Myspace	<i>MySpace is the Internet Explorer of online friends internet place things. People don't know they have a choice</i>\n<br>\nTrue dat, I say get new friends	3	2007-04-05 13:55:28+00
73	\N	ups?  brilliant!	you've seen them, but do you really appreciate them?  the <a href=http://whiteboard.ups.com/>ups whiteboard commercials</a> are amazing, particularly the 2 on delivery intercept, freight, and accessibility.  my favorite is the one about accessibility.  the man turns a frickin keyboard into a parking lot.  brilliant.	2	2007-04-08 18:44:57+00
75	\N	living to 100	<p><a href="http://www.livingto100.com/">http://www.livingto100.com/</a></p>\n\ni'm dying at 83.  i could be 88 if i exercised 5 times a week.  either way, i really should stop eating.	2	2007-04-11 14:37:32+00
79	\N	"vote your quarter bioatch"	<p>how would you like your state represented on the new quarter?  <a href="http://www.ok.gov/governor/coin.php">vote</a> or <a href="http://images.southparkstudios.com/media/images/808/808_img_07.jpg">die, MF</a>.</p>\n\n<p>you have your choice of a gay bird, gigantic hash pipe, or a woman and a child next to an erect structure spewing stuff.  i'm going with hash pipe.  specifically, i opted for the one that doesn't have oklahoma upstaged by the hash pipe.  we're not just about our weed.  we have other things to do like...umm...like...damn.  football!  we oklahomans love us some foosball.  OR...how about a picture of 2 million smiling republicans raising their hands while standing on native americans, and 3 million democrats sitting on their ass doing nothing, and then a picture of a chinaman, me, mooning all of them (not the natives) while drinking matzah ball soup.  viva las oklahoma diverso.</p>	2	2007-04-13 11:44:31+00
77	\N	hardcore mario	<p>check out this <a href="http://www.tudou.com/programs/view.php?itemID=5296053">mario video</a> of the classic mario we all know, but mod'd SLIGHTLY.</p>\r\n\r\n<p>it's like watching stephanie do fractions.  it starts out like, "what the hell is this?  you don't expect me to do this do you?  is this even possible?  maybe if i do this...yeah, yeah, ok.  shit...fuck...goddamn it..."</p>	2	2007-04-12 16:08:29+00
83	\N	Best Viewed	Well clearly, just about anything is better than ie, thus the pimpage for <a href="http://www.mozilla.org">firefox</a> and <a href="http://www.apple.com/safari/">safari</a>, but why no linkage for poor old <a href="http://www.apple.com/safari/">safari</a>. I mean it can have an internet too, like to <a href="http://www.apple.com/safari/">here</a>	3	2007-04-17 22:41:06+00
84	\N	I'M PUBLISHED!!!!!!	in the <a href="http://www.imdb.com/title/tt0230030/goofs">bedazzled goofs</a>, the last one about the basketball score was submitted by yours truly.  i'm famous!	2	2007-04-20 23:09:55+00
86	\N	Hey Centie	Two things:\n\nHave you beat Soda, Bull or Flamenco?\n\nAlso were are any updates to your internet?	3	2007-05-22 19:27:00+00
91	\N	blog it up	<p>i added blogs with ajaxy comments.  only your friends can read your blogs.  there are no friend requests in oz.  just friends.  but like in the real world, you can be someone's friend, but that doesn't mean they consider you their friend.</p>\n\n<p>to add a friend, just go their profile (you can search for them in the sidebar) and click the ajaxy link.  this is the extent to security in oz for the time being.  currently, you have to consider someone your friend before they can see just about anything of yours (not much right now, just your blogs or your other friends).  i'll add more powerful and specific security features later.</p>	2	2007-05-26 01:48:52+00
97	\N	you missed it	During the Miss Universe pagent, Miss USA fell on her ass!  	25	2007-05-28 21:51:45+00
99	\N	jared = cool kid!!!!!	<a href="http://www.flickr.com/photos/12644185@N00/673371497/" title="Photo Sharing"><img src="http://farm2.static.flickr.com/1082/673371497_cab9e900ab.jpg" width="375" height="500" alt="first iphone pic" /></a>	2	2007-06-30 13:19:02+00
\.

COPY blogs (id, title, body, user_id, created_at) FROM stdin;
1	let me be the first to tell you	i'm frickin tired.  but i felt i should make sure this thing works.	2	2007-05-26 02:05:23+00
2	Good Bye Two Seven	Hello 50 <a href="http://photos.theonline.org"><img src="http://glennsb.smugmug.com/photos/156985274-S.jpg"></a>	3	2007-05-28 11:14:37+00
3	Burn Out	To a crisp, need a new means of adequate income, I do have that wii habit to support	3	2007-06-07 23:09:25+00
4	Wanted To Sell: Inspiron 8500	Spare laptop, Dell Inspiron 8500, 2.4GHz, 512MB of ram and 60GB hard drive, any wanters?	3	2007-06-10 12:59:52+00
5	Worst. Keynote. Ever	I've said it before, and I'll say it again, the apple is going down the crapper, and now there is a <a href="http://www.spreadshirt.com/shop.php?op=article&article_id=2222180">shirt</a> to back it up	3	2007-06-12 06:21:05+00
6	Jared's Best Friend	You can find him <a href="http://joyeur.com/2007/06/12/the-annual-or-whatever-wwdc-related-joyent-midnight-cheesestick-and-beer-run">here</a>, he is the top happy cheese eating one	3	2007-06-12 19:44:40+00
7	Which is Better	A high level? Or a better weapon?	3	2007-06-20 18:24:17+00
8	my phirst iPhone blog	who would've thought 6 months ago I'd be blogging on my very own website on my very own iPhone?	2	2007-06-30 16:36:51+00
10	china chronicles: ghettowood	summer of 2002\r\n\r\n<p>after getting used to beijing a little bit, i finally got to see a little bit of what i came to see.  my connection Tong was going to take around and see what she does for a living.  my host mom drove me there in the morning.  on the way there, we passed by this neighborhood.  she called it something in chinese and i didn't understand what it was.  she explained that people around her carry guns.  ahhh, the ghetto.  glad i'm not living here.  15 seconds later, "here we are."  great, i'm going to be working in the middle of the ghetto.  i'm going to get mugged every day.</p>\r\n\r\n<p>Tong works for the chinese army.  they're not allowed to take american interns.  i wondered if anybody would suspect something if i came here everyday.  apparently i'll be working somewhere else.  Tong took me to one of her offices and showed me what she does.  she's a sound person.  she puts voices in the right place and puts sound effects in movies and tv shows.  she took me to the editing room where this lady was editing a movie on the computer.  looked interesting.  i figure that's part of what i'll be doing.</p>\r\n\r\n<p>the most exciting part was when she took me to an actual sound stage.  an actual set where they were in the middle of filming a chinese opera for television.  it was cool.  i got to see a real shoot.  the best part was that i really felt in place.  i can't wait to make movies.</p>	2	2007-06-30 16:54:59+00
15	china chronicles: art museum episode	summer of 2002\r\n\r\n<p>so i wanted to go to the art museum.  asked hostmom how to get there.  "it's real easy," she says.  "you can take the bus.  there's a bus stop right in front of the museum and you don't even have to change buses."  nice.  she gives me directions.  next day, i get up all ready to go.</p>\r\n\r\n<p>there's several different kinds of buses in beijing.  the nicest ones look like the buses you would imagine in africa.  dirty, beat up, emit large amounts of smoke, make weird noises, no a/c, wobbly, squeaky, etc.  every time the driver stops, the engine dies.  no, seriously, they have to restart the engine before they can move again.  they have all different kinds of lines and you have to find the right number to get to where you want.  when you get on, they don't have the little thingy where you drop in your coins.  they have a special person that goes around and collects cash and gives you a paper ticket.  actually, you just give her cash when you feel like it.  once in a while she'll go around the bus to check to see if everybody has a ticket.  and when you get off, you're supposed to show her your ticket.  i'm sure you can imagine how easy it would be to get a free ride.</p>\r\n\r\n<p>so i'm supposed to take the 103.  half an hour's ride if there isn't any traffic.  hostmom told me to ask the ticket lady to tell me when to get off.  i figure i'd just ask her after about 20 minutes.  well, 15 minutes later, we stop at a very dirty place and a surprisingly large amount of people get off.  no, make that everybody is getting off.  i look around.  umm, i don't see an art museum.  but ok.  get off and the bus starts to drive away.  but then i see it stop a few feet from where it kicked all of us off.  people are starting to get on.  was this a ploy to get me off the bus?  did i do something wrong?  i hear somebody say something about a u-turn.  i think i went the wrong way (surprise surprise).  i think i'm at the end of the line.  hmm, if i get on, i'll look like an idiot to the ticket lady.  "heh heh heh, funny lookin american is lost, heh heh heh."  i think i'll wait for the next one thank you.</p>\r\n\r\n<p>103.  that's me.  not many people on this bus.  i ask the ticket lady if it goes to the art museum but she doesn't answer me.  she's talking to these three ladies sitting outside.  i ask her again and again, and she doesn't even acknowledge me.  finally she looks up at me with a weird face.  she says something i can't understand and her and the three ladies outside start laughing.  mkay, i think i'll just sit down now.  maybe i should just get off and get a taxi.  nah, he'll probably take me to the great wall and charge me a billion rmb (about $10 us).  bus only costs a buck.  i ask the ticket lady again if she could warn me when we get close to the art museum.  she ignores me again with a smile on her face.  and then she helps this old lady with a kid find a seat.  thanks lady, what service.  we get to an intersection and the bus stops because a stupid car has eeked it's way through the intersection and the bus can't turn without hitting it.  mean ticket lady runs over to my window and practically lays on me to look out the window.  excuse me, lost american sitting down here, can i have some air now?  i think she did it on purpose.</p>\r\n\r\n<p>let's see, since it took me 15 minutes to get lost (that's actually pretty good for me), and it takes 30 minutes to get to the art museum going the right way, then i'll ride the bus this way for 45 minutes and i should be there in no time...</p>\r\n\r\n<p>...hour and a half later, i hear the recording say something that resembled the art museum.  i get up and walk towards the door.  it opens and i look around but see no art museum.  well, it's probably around here somewhere, i'll just get -- ok nevermind.  door closes and bus starts moving again.  get off at the next stop on impulse.  i'm so lost.  i ask around if anybody knows where the art museum is.  keep on cruisin.  wangfu hotel.  hey, this is where i stayed 10 years ago.  now i can just call my dad and ask him to pick me up.  keep on cruisin.  art museum!  woohoo!  let's see, entrance, entrance, entrance.  hey, there's an opening over there.  heart starts pumpin, i'm gettin excited.  turn the corner.  hard hats.  hard hats everywhere.  why is everyone wearing hard hats?  and why is there scaffolding around the building?  is this supposed to be artistic?  son of a...!</p>\r\n\r\n<p>heart in my shoes, i walk back to the bus stop that i missed the first time.  bunches of people.  i'm going to get robbed on the bus.  but i don't care, i'm going home.  "everybody scoot in!" ticket lady shouts.  nobody moves, of course.  people, i'm going home on this bus whether you like it or not.  nobody moves.  fine, i'll just stand on the steps.  grab a hold of a rail.  whoosh!</p>\r\n\r\n<p>son of a...!  door slams shut taking my arm along with it.  the rail that i grabbed was part of the door.  i almost stumbled down, if it's possible to stumble down two steps.  "door closing!"  oh, gee, thanks for the warning, ticket lady.  here's your stupid dollar.  you know what, have two dollars, take your kids to the art museum.</p>\r\n\r\n<p>so i'm standing in the well of the bus holding on to dear life since nobody will move.  i bet if the door flings open, i'll get squashed like a cartoon.</p>\r\n\r\n<p>that's it.  i squeeze my way through some sweaty people and find a spot.  bus stops and about another thousand people get on.  ok, can't breathe.  hey now, i don't know you, get off me please.  and, dude, i hope you're enjoying my armpit.  probably the first time you've smelled deodorant huh?</p>\r\n\r\n<p>finally get to my stop, first time i got it right all day.  my arms feel like they're down at my ankles from holding on so tight to the rail.  get home and tell hostmom my story.  so that's my art museum episode even though there really was no art museum.  at least i only spent two bucks.  well, three hours and 2 bucks.  the end.  miss you guys!</p>	2	2007-06-30 17:01:15+00
14	china chronicles: on the subway with a gay man on july 4th	summer of 2002\r\n\r\n<p>hey everybody.  long time no see.  guess what?  i'm more than halfway through my trip!  34 more days to go!</p>\r\n\r\n<p>no good stories for you lately, sorry.  the best i can do is my little "subway with a gay man" novella.  it's not exactly a full fledged episode.  anyway, so i met this guy today at the place i'm working with my director.  at the start he was very quiet, and i thought he looked a little mean, until i heard him talk...and walk.  overt body movements, limp hand, and all.  i thought to myself.  this man is gay.  well, turns out we ride the same way on the subway to get home (don't take that metaphorically.  i'm not gay, i have a very pretty girlfriend).  we walk to the station and he jumps over a very low chain.  he cleared the chain easily, but it looked like he tripped in midair.  yup, this guy has to be gay.</p>\r\n\r\n<p>so we get on the subway and see this lady right next to and facing the door holding her toddler in her arms.  all of a sudden a trickle comes down from the kid.  for future reference, there is no five second rule in china.  you drop it, it's gone.  they end up sitting next to us.  baby lookin right at my gay friend (don't even know his name).  he asks me if i like kids and i told him that oriental kids are particularly cute.  he says that american kids are cute too.  yes yes, lots of fun.  he's gay.</p>\r\n\r\n<p>i really do think oriental babies are very cute.  but something happens when they become teenagers.  they just aren't so cute anymore.  Kristin Thomason once asked me, "you used to be cute, what happened?"</p>\r\n\r\n<p>on our way to switch lines, he asks me if i think chinese girls are pretty. i don't know why, but i've been asked this question many times.  almost as many times as where my girlfriend is from and why she didn't come with me. anyway, i told him that i didn't think they were that pretty and that American girls are prettier.  and before i met Lina, i was never really attracted to oriental girls.  he said that it's just because i haven't seen any really pretty chinese girls yet.  i think he was just trying to cover up his gayness.  i really want to ask him, but, for one, i don't know how to say gay in chinese, besides, "do you like guys."  second of all, i don't know how the gay scene is in china.  like is it taboo, or against communism, or confucious would never have approved.  i have no idea.</p>\r\n\r\n<p>the end.  happy july 4th everybody!  you have to celebrate for me ok?  i'm afraid if i do, i might get arrested.  hostbro said he would take me to the us embassy where they celebrate it, but i'm afraid it will be like a pathetic commercial.  and how much of a dork would i be if i went to the us embassy to celebrate july 4th?  so i'm going to take Kristin's advice and light a match and squint and pretend it's fireworks.  be safe and have fun!  miss you guys!</p>	2	2007-06-30 16:59:23+00
13	china chronicles: the great wall	summer of 2002\r\n\r\n<p>woke up early and was told that we were going to the great wall of china, just the three of us, me and my host parents.  host dad says he's going with us but he's not going to climb the wall.  i figured he just didn't want to do all the walking.  so we drive for more than two hours just to get there.  buy the tickets for me and my host mom and start up a hill.  alright, it's just a little incline, not too bad.  a few steps later, i start dying.</p>\r\n\r\n<p>stairs.  hey, i'm at the great of wall of china.  i can make it up some steps.   oh, more steps eh?  alright.  no problem, just a little further.  more?  i have to slow down so i can catch my breath and my thighs can recover from the strain.  you can do it.  start climbing again, thighs start hurting again.   have to stop.  kids start running past me.  my host mom decides to show off and skip steps.  i'm hoping that at the top is heaven, cause i'm about to die here.  they should call it the great staircase.  every once in a while there's a vendor selling film or water.  after about the 10th one i pass, i start asking if they sell oxygen.  i say, "lady, do you see that?  that's a cloud.  i need oxygen right now."  continue to kill myself slowly.  at this point i'm crawling.  old dudes with both hands behind their back walk casually past me.  the great wall was originally built to keep Huns from crossing into their territory.  if i were a Hun, i'd give up too.</p>\r\n\r\n<p>finally make it to the top of the mountain (even the signs say mountain). so this is the great wall eh?  i'd been before, but at a different place that wasn't as pretty.  hear a lamb.  look around, nobody seemed to notice.  hear it again.  am i the only one that can hear this?  it starts smelling like a zoo.   look down and see two lambs.  that was all there was at the top.</p>\r\n\r\n<p>the way down was the best part.  you can either walk down (or roll down in my case), take the cable car, or slide down.  that's right, slide down.  you sit on these scooter thingies (toboggins, they call them).  push forward on the handle to go faster and pull back to apply brake.  it's just a slide.  it was fun.  in front of me and my host mom were these four american girls.  the third one was kinda scared so she went kinda slow and held some of us up.  but i had chances to go fast.  when we were going slow i started conversing with the girl in front of me.  "so, where you from?"  along the slide there are workers there to make sure you're ok and tell you to go faster or slower.  i asked one of the guys that had a total of three teeth what he was doing for the summer.  he didn't answer.</p>\r\n\r\n<p>naturally, at the great wall of china, you're bound to see some foreigners.  this was the first time i had seen people with non-black hair in a long time.   some americans too.  american kids.  i didn't talk to them, but it was nice to see some american kids.  miss you guys.  see you soon.</p>	2	2007-06-30 16:58:22+00
12	china chronicles: the swimming pool episode	summer of 2002\r\n\r\n<p>swimming in a pool with a bunch of chinese.  never thought of such a concept.   i was almost grossed out by the thought of it.  afterall, they don't call it the yellow river for nothing.  just kidding.  so me and Zhang, my step-mom's sister-in-law took me to an indoor swimming pool.  she showed them her card and they punched a hole and gave her a key.  she showed me the signs, "this is the exit, this is the entrance."  i was about to walk in until she took me to the other side where we repeated steps 1-3.  lucky for me we did because i was informed that this side was for boys and the other was for girls.  so Zhang gives me a towel, a swimming cap, some goggles, some soap and some flip-flops and sends me off all by myself.</p>\r\n\r\n<p>i go in and see a whole bunch of little kids running around.  so i'm trying to find my locker in this crammed room with screaming little boys -- uh, now there are screaming little naked boys.  i still don't understand that whole slapping of the butt thing.  especially screaming little naked boys' butts.  i still can't find my locker so i walk around some more.  shower room.  didn't need to see that.  finally find my locker and change.</p>\r\n\r\n<p>walk out to the olympic sized pool.  i start walking around wondering if i would be swimming by myself too.  guy stops me and asks me if i'm going to swim and i say yes.  "then where's your swimming cap," he says.  "i don't use one," i say.  he retorts, "you have to, it's a rule."  great, jared in a swimming cap.  too bad i didn't see myself in the mirror.  sorry, no pictures.  i find Zhang and we jump in and start swimming.  kinda cold.  swim swim swim.  in march about a thousand little kids.  i was later told that in the fifth grade, everybody has to take swim lessons.  there are adults and littler kids too.  one chubby little girl in a tube decided to come over and say something that i didn't understand and splash some water in my face.  "alright," i said.</p>\r\n\r\n<p>we decide to take a break and sit down a bit.  we talked for a while.  she asked me if what i was wearing was made for swimming.  i looked at her kinda funny and said yes.  she said she had never seen swimming suits like mine before.  "really?" i said.  i look around and notice that all the males, old and young, skinny and not so skinny alike, are all wearing speedos.  man, i was glad i brought my own.</p>	2	2007-06-30 16:57:41+00
11	china chronicles: the subway	summer of 2002\r\n\r\n<p>today, i met Zhang Li, the director who i will be following.  this could be the start of a life-altering career move...</p>\r\n\r\n<p>but let's not talk about that right now.  i'd like to talk about the subway for a moment.  i had my first subway experience the other day.  first i think i should tell you, although you probably already know, that chinese people don't use deodorant.  some of you know that i, a chinaman by blood, do no sweat easily.  maybe it's a genetic thing.  i thought about it...no, because my dad can sweat a good one.  well, let me tell you, the people here sweat buckets a day.  chinese people use onion paper rather than the thick stuff we use.  wanna know why?  because they need the other half to wipe off the sweat from their faces.</p>\r\n\r\n<p>so my host mom wants to take me to this high-class shopping strip not quite unlike champs elysees in paris.  gotta take the subway to get there.  we walk down about a mile underground.  at the bottom, it's very quiet.  the only sounds are from newspapers swishing around or the occasional high-heel.  finally a breeze blows some skirts up a little and the remaining hairs of a majorly receding hair-line too.  the train runs through with lots and lots of people of which only a few get off.  my host mom and i squeeze our bodies in.  so i'm in a train full of smelly people who don't use deodorant with no fans or a/c where everybody has their arms up holding on to the rails...mmmm.  chinese guys like to do this thing with their t-shirts (if they're wearing one, god willing).  they wad their t-shirts from the bottom as far up as they can go and hold it there with their arms relaxed exposing their bellies.  that's right, stuff cloth up your armpits so it sweats even more.  and being the short person i am, my nose just happens to be at armpit level.  but, jared, you're in china, aren't you considered tall there?  i've observed that there is no difference.  it's just that old chinese people shrivel and shrink more than americans.  if you don't believe me, go find a 70+ chinese person over 5 foot.  they just don't exist.  so when i'm over 70, i'm going to be a smurf.  it's ok when smurfs sweat.  that's where they get that "blue stuff" you see at the mall.</p>	2	2007-06-30 16:56:51+00
9	china chronicles: hospital episode	summer of 2002\r\n\r\n<p>i wake up at about 1230am with a pain on my right side.  i thought it was just a cramp or something but it got worse.  it started hurting pretty bad so i got up and tried to walk it off.  it wouldn't go away so i woke up Liang, my host mom and we go to the hospital.  not a happy sight.  i saw a doctor after waiting a while.  she said to get a urine sample, so i did.  they analyzed it and found some stuff that shouldn't be in there.  apparently it's like kidney stones.  when you get a whole bunch of it and they come together, they become kidney stones.  i also had to give a blood sample.  they just pricked my finger like they do when you donate blood.  another doctor examined me and said i needed to drink lots of water and come back the next day.  before i left, i had to get a shot in the backside.  earlier that day i got my second hepatitis b shot.  so if you add that with the finger prick, this would make three shots in one day.</p>\r\n\r\n<p>i went home and went back to sleep.  woke up early the next morning and went back the next morning to do an ultrasound.  they said that i had to drink a lot of water to expand my bladder and stuff to see clearly.  i drank 1.25 L of sprite.  they didn't find anything.  after waking up i felt better anyway. but i did have a headache from not sleeping well.  hopefully after a goodnight's sleep i'll feel all better tomorrow.</p>\r\n	2	2007-06-30 16:53:31+00
16	Happy Birthday To Me	Yeah, I am another year older, but still not cool enough to have one of those new fangled <a href="http://www.apple.com/iphone">iphones</a>	3	2007-07-06 17:18:20+00
17	Hey Jared Iphone this	Some tip about having the punctuation on another page of the keyboard, which you never use anyway. Find it <a href="http://missingmanuals.com/pogues_awesome_iphone_typing_shortcut.csp">here</a>	3	2007-07-07 20:12:28+00
18	iPhone, hehe	I can't help it. everytime I'm able to use my iPhone in an everyday situation, I giggle. I'm at the doctor's office,the receptionist asks me when this certain event happened, and I don't remember. but I do remember that if I had access to my email, I could find out. this makes me happy that I have an iphone and I giggle. I whip out "cool kid" and I go to my email. but I realize it may take a while since I'm not on wifi and I haven't looked at my trash box in a while and it'll take too long to sync. avast (i hope I used that word right), 50 emails to sync. vrooooom. it takes like 2 seconds. apparently cool kid is smart enough to just download the headers and a few lines of the body. including the giggle, it took just a few seconds to get the answer. god this thing is badass. and thanks to a recent text messaging tirade with Stuart, my typing is really fast now. hehehe.	2	2007-07-11 13:26:50+00
19	Vacations Suck	Sure they are great to get away, but all it every does is end and then I have to return to work with a renewed hatred of all things work	3	2007-07-18 06:03:47+00
20	Plateau 	So I think I have hit it, a good portion of my socks have been failing of late all of a sudden. I think I just hit their life expectancy 	3	2007-07-20 22:59:27+00
21	cool kid in the rough?	<p>so I'm in manhattan right now. coolest city I know. and how many iPhones have I seen? ZERO. not only that, I get ooos and aaahhhs left and right. all these rich people and business people and not a single iphone. am I missing something? or have I put enyce on a pedestal this whole time?<p>\r\n\r\n<p>I think I've figured out new yorkers. so stereotypically you think of impatient people. why is that? well, let me make an analogy. how much different are new yorkers than your IT guy? seriously, picture your IT guy and take away the nerd factor. what do you have? a new yorker. we IT people have trouble relating to the people that we support because what we're trying to fix is so terribly obvious to us and we don't have the patience to jackhammer it into their heads because we have better things to do. and i don't mean to sound condascending nor do I condone it. I'm just trying to give you a glimpse of our thought process, difficult as it is to accept.  <p>\r\n\r\n<p>so back to new yorkers. new yorkers go through repetition. take bus M60 to Lexington and 86 subway stop, transfer at times square, take B train.... there's also the unwritten rule of courtesy that you be efficient so you don't slow people down. you do this everyday and you start developing what you think is an expertise on, well, everything. and when someone else challenges or tests that, like, say, a tourist, you develop an attitude. et voila, a new yorker. I think I'm ready to move here.<p>	2	2007-07-31 16:33:35+00
22	Smash, Crash, Boom	<a href="http://www.flickr.com/photos/surlystuka/1010464079/" title="Photo Sharing"><img src="http://farm2.static.flickr.com/1024/1010464079_6a53b6682f_t.jpg" width="100" height="75" alt="Smash" /></a>\r\n<br/>\r\nSo yeah, that doesn't look so hot. I just put on fresh tires and just sent in the last freaking payment	3	2007-08-04 18:48:59+00
23	dvd security tape	for those who fucking hate the security tape on new dvds that never fully come off and gather shit, can i get an amen.	2	2007-08-08 21:42:00+00
24	Why TK421 isn't at his post?	<a href="http://www.flickr.com/photos/redandjonny/tags/stormtrooper/">Yeah, I just don't know</a> sometimes there are just things you find on the online that are just strange. So maybe it is for more than just porn, although to some...	3	2007-08-10 21:33:32+00
25	Jared- Buy That House	<a href="http://www.arizonahousingbubble.com/2007/buying-a-house-is-the-biggest-mistake-you-could-make-the-renting-vs-buying-argument/">or not</a>	3	2007-08-13 19:59:27+00
26	Rising Gummie Bear Prices	<a href="http://www.spiegel.de/international/business/0,1518,499655,00.html">The stupid environment</a> has eaten another, why?!?!	3	2007-08-14 16:49:02+00
27	iphone copy/paste	<a href="http://www.tastyblogsnack.com/2007/08/09/copy-paste-on-the-iphone/">demo video</a>.	2	2007-08-14 22:26:27+00
28	you had me at "i don't even like frosted mini wheats."	<p>i first saw this girl on an iphone blog with a <a href="http://www.tastyblogsnack.com/2007/08/13/iphone-bill/">video about a 300 page att bill for the iphone</a>.  at first i thought it was just an actress because she was much too pretty and not nerdy enough to be an iphone user ("everyone's a little bit racist"), but it's real.  she's real.</p>\r\n\r\n<p>i went to her <a href="http://www.justineezarik.com/">website</a> and this girl is amazing.  when it comes to communication, to say that she has her shit together would be a huge understatement.  i haven't seen this much know-how in a single person since stuart (don't worry stu, nobody knows as much as you do AND can build an arbor).  this girl does myspace, facebook (mostly through her cell phone), twitter, and loads of other things i've never heard of but feel like i should, cuz what ive seen so far is pretty frickin cool, (e.g. she has <a href="http://www.justin.tv/ijustine">her own, live, 24/7, online, tv channel</a>).</p>\r\n\r\n<p>i don't want to jump the gun, but i can EASILY see her overthrowing lily allen as my <a href="http://blog.myspace.com/index.cfm?fuseaction=blog.view&friendID=78270105&blogID=190872269&Mytoken=540A890E-7285-49B6-975A9FCA9D4FD52199340501">celebrity crush</a> of the year.  "how", you ask, "is that possible"?  <a href="http://www.justineezarik.com/">this</a> is why.  you had me at "i don't even like frosted mini wheats."</p>	2	2007-08-14 22:57:28+00
29	see, i'm not the only one	<a href="http://blog.myspace.com/index.cfm?fuseaction=blog.view&friendID=78270105&blogID=220386585&Mytoken=10C710E5-684B-4E39-B5EBDC32EAE81AB342717800">me</a><br>\r\n\r\n<a href="http://twitter.com/ijustine/statuses/199682212">justine</a><br>\r\n\r\ni even played the song with my iphone at the airport while stephanie and i walked by a broken moving walkway (worst invention ever, btw) and i'm not ashamed of it.	2	2007-08-15 12:07:50+00
30	and this one time, at podcamp...	<p>ever wonder where the term spam came from?  go ahead and <a href="http://en.wikipedia.org/wiki/Spam_%28electronic%29#History">look it up</a>.  you'll get theories of its history.  but we may never really know the truth, because it wasn't documented.  we're entering a unique time in the technological era where the number of things that are being documented is growing exponentially.  and with the increasing ease of sharing information with the world, it's no wonder, while it's not on any official billboard charts, "<a href="http://www.youtube.com/watch?v=EwTZ2xpQwpA">chocolote rain</a>" may in reality be the #1 single in all the land.  but i digress.</p>\r\n\r\n<p>recently a family friend discribed to me bbc's amazing mini-series "planet earth".  for the first time, they were able to capture the elusive snow leopard on film.  you're about to witness something similar.  this is comparable to american pie 2 where we get to finally see the band camp we heard so much about.  thankfully, in this day and age of network technology, it's becoming easier and easier to capture moments like these.  anybody can be a photo journalist.</p>\r\n\r\n<p>this vlog is of particular interest to me because, to my knowledge, it is the closest documentation of the capture of the elusive birth of a technological term.  it gives you a glimpse into the cultural underground of geekdom, something i'm sure you've seen represented on tv or have at least had some idea.  this, ladies and gentlemen, is podcamp.  at this particular session, the topic of discussion is 'bacn', whose definition you probably knew, but never had a term for.  <a href="http://www.tastyblogsnack.com/2007/08/20/bacn/">here's the definition and the vlog</a>.  enjoy.</p>	2	2007-08-20 20:39:15+00
31	make yourself at home	kill an hour at <a href="http://www.cavemanscrib.com">the crib</a>.	2	2007-08-23 22:11:11.777177+00
32	I have the buyers remorse	of life, yeah, its friday night, so I am depressed, hope all is well with everyones own internet boy or girl friends out there in online land	3	2007-08-24 22:50:50.265234+00
33	Nice	Bit of labor day not day job working updates	3	2007-09-03 21:56:47.818317+00
34	NBC & Other Content Producers	They are just stupid. Always all paranoid about DRM and protecting their content, all by screwing the consumer in the end, why don't people wake up and see <a href="http://arstechnica.com/news.ars/post/20070904-after-ditching-apple-nbc-signs-up-with-the-small-guy-amazon-unbox.html">this?</a>	3	2007-09-04 19:51:11.764514+00
35	how much does it cost to be a cool kid?...$200 + heart	<p>today, steve jobs pulled a fast one on us cool kids:  a BIG price drop on the iphone.  the original prices were $500 for 4GB and $600 for 8 GB.  now, there is no 4GB, just the 8GB, and it costs only $400!  ouch.  after a short 2 months on the market, uncle steve cut the price by 33%.</p>\r\n\r\n<p>he also unveiled what ipod fans have been intently waiting for: the <a href="http://store.apple.com/1-800-MY-APPLE/WebObjects/AppleStore.woa/wa/RSLID?nnmm=browse&mco=42C0467A&node=home/ipod/ipod_touch">ipod touch</a>.  it looks (and acts) like an even thinner iphone without the phone part, so they only get wifi, no edge wireless.  for the same price as an iphone, you can get a 16GB ipod touch.</p>\r\n\r\n<p>i guess you semi cool kid stragglers can tag along with me.  just don't come crying to me when there's no wifi around.  as for you new iphoners...yeah i got nothin.  bitches.  i hate money.</p>	2	2007-09-05 18:14:40.280216+00
\.

COPY movies (id, title, imdb_id) FROM stdin;
1	16 Blocks	\N
3	to kill a mocking bird	\N
4	Hot Fuzz	\N
5	Interview	\N
6	Balls of Fury	\N
\.

COPY movie_rating_types (id, name) FROM stdin;
1	overall
2	rewatchability
\.

COPY movie_rating_options (id, movie_rating_type_id, description, value) FROM stdin;
1	1	unwatchable	1
2	1	bad	2
3	1	average	3
4	1	excellent	4
5	1	classic	5
6	2	not even if you paid me	1
7	2	once was enough	2
8	2	would watch it again	3
9	2	seen it several times	4
10	2	never gets old	5
\.

COPY movie_ratings (id, movie_id, movie_rating_type_id, rating, summary, explanation, user_id, created_at) FROM stdin;
1	4	1	4	Fuzzy Briches	What say you? I say pretty good, a bit slow, but nice british here and there and a good set of laughs. I say you should at least go rent this film	3	2007-08-22 11:38:24+00
2	5	1	3	roller-go-round	<p><a href="http://www.imdb.com/name/nm0000114/">steve buscemi</a> is a political journalist who is forced to do a piece on the country's top soap star played by <a href="http://www.imdb.com/name/nm1092227/">sienna miller</a>.  the movie is fueled by the uncomfortable culture clash between the 2.  if it weren't for the alcohol, there wouldn't be any motivation.  it seems to be the only plausible explanation for the relationship between the 2.  each time i started to lose confidence in the movie, there would be a revelation.  it's like being on a roller coaster, going through a pitch black tunnel, and coming out on the other side on a merry-go-round.  but i went along with it and found myself going on the ride over and over again.  the movie actually drives surprisingly well.  but like a bad on-again-off-again relationship, i started to get sick of the routine.  but in the end, it all comes together and it's all worth it.</p>\r\n\r\n<p>sienna miller's character is pretty refreshing.  from the very beginning, she both fits the stereotype AND breaks the mold, which you get a taste of with "the dog in the purse".  steve buscemi says it the best:  you know her only by repuatation.  as more and more of her character is revealed, there is more to her than the stereotype she finds herself in.  she starts out as a shallow, but likable stereotype, but the deeper you go, the more interesting she is.  steve buscemi's character starts out being the character i sympathized with, but by the end, SHE ended up being the character i sympathized with.  as frustrating as the relationship was, it's strange that i didn't fully enjoy the ride until it was over.</p>	2	2007-08-25 22:26:39.254094+00
3	6	1	2	not blood sport of ping pong	<p>this is one of those movies where if you watch the trailer, you've seen the movie.  in fact, i'm actually quite upset with the trailers because it promised something it didn't deliver.  the reason i was so excited to see it is because it looked like it was going to be the blood sport of ping pong.  i really like movies where you see so many different styles of play.  in blood sport you see 20 different fighters each with very distinct styles.  i like that kind of creativity.  i was excited to see how that concept would translate to ping pong.  the ping pong action you see in the trailers is 90% of what's in the movie.  very disappointing.</p>\r\n\r\n<p>it's very immature, and not in a good way like "dodgeball".  the characters were shallow and appealing only to a 10 year old on a sugar rush.  going in i knew that it had a large potential to be bad, but was somewhat optimistically reassured after i found out that dangle and junior from reno 911 wrote it with junior directing.  the gang from reno 911 and the state were meant to be on tv.  their humor just doesn't translate well to a theater.</p>	2	2007-08-29 22:51:25.14996+00
4	6	1	1	why can't the summary be blank? 	the only thing that saved me from asking for my money back, was the panda moment. 	25	2007-08-30 17:53:39.268134+00
5	6	2	2	\N	\N	2	2007-08-31 17:35:47.048394+00
\.
